VariableName,Total,Port/Stay,Low Speed Sailing,Maneuvering,High Speed Sailing,Winter,Mid-Season,Summer
ME1:Comp:Air_in:Bdot,39471.81711385481,51.0610814508038,33528.25547104857,3296.2182564762006,2596.282304879263,23973.32263157035,12085.989124532878,3412.5053577515805
ME1:Comp:Air_out:Bdot,4268202.354648909,1154.0307268159793,3134450.435212896,383528.8028109401,749069.085898246,1670471.340377153,1741777.065385523,855953.9488862234
ME1:Comp:Power_in:Bdot,4926962.366393338,1620.7626948302748,3631521.464438334,445100.67797564,848719.4612845362,1917998.9865117664,2024021.1974754862,984942.1824060943
ME1:Turbine:Mix_in:Bdot,13691293.711491888,9480.052429615935,10472891.846064074,1282833.9285234457,1926087.884474687,5421453.9537258195,5688091.452572021,2581748.305194029
ME1:Turbine:Mix_out:Bdot,7010992.374030144,7281.958268203489,5536939.852783047,678972.6773025016,787797.885676378,2835006.8651368003,2936666.566599136,1239318.9422941925
ME1:Turbine:Power_out:Bdot,5727507.477069762,2323.7719291695475,4254883.937793602,520537.4957670014,949762.2715799661,2235693.736539231,2362596.4801055994,1129217.26042491
ME1:BPsplit:Air_in:Bdot,4268202.354648909,1154.0307268159793,3134450.435212896,383528.8028109401,749069.085898246,1670471.340377153,1741777.065385523,855953.9488862234
ME1:BPsplit:Air_out:Bdot,3303677.300317511,968.118972651525,2333489.5855239644,304745.1573659069,664474.4384549883,1247145.9746258773,1327048.476665942,729482.8490256821
ME1:BPsplit:BP_out:Bdot,964525.0543313967,185.91175416445384,800960.8496889406,78783.64544503365,84594.64744325714,423325.365751278,414728.5887195778,126471.09986053943
ME1:BPmerge:EG_in:Bdot,13416665.672558771,9799.347425777496,10266212.692526659,1263787.9141195924,1876865.7184867717,5285522.886158865,5581754.48857204,2549388.297827917
ME1:BPmerge:Mix_out:Bdot,13691293.711491888,9480.052429615935,10472891.846064074,1282833.9285234457,1926087.884474687,5421453.9537258195,5688091.452572021,2581748.305194029
ME1:BPmerge:BP_in:Bdot,954063.116742524,183.85571937230475,792183.2875761525,77927.69009641004,83768.28335058747,418857.60996937513,410136.6856215436,125068.82115160207
ME1:BPvalve:BP_in:Bdot,964525.0543313967,185.91175416445384,800960.8496889406,78783.64544503365,84594.64744325714,423325.365751278,414728.5887195778,126471.09986053943
ME1:BPvalve:BP_out:Bdot,954063.116742524,183.85571937230472,792183.2875761525,77927.69009641005,83768.28335058746,418857.60996937513,410136.6856215437,125068.82115160208
ME1:CAC_HT:Air_in:Bdot,3303677.300317511,968.118972651525,2333489.5855239644,304745.1573659069,664474.4384549883,1247145.9746258773,1327048.476665942,729482.8490256821
ME1:CAC_HT:HTWater_in:Bdot,13813724.233718034,32600.46862213637,11482246.74525587,1434554.1509268926,864322.8689130984,6505354.652806179,5640253.796277961,1668115.784633918
ME1:CAC_HT:Air_out:Bdot,2934772.4758115774,968.118972651525,2103917.7448631017,269201.2632671323,560685.3487086969,1111388.705752373,1190548.2310515975,632835.5390076098
ME1:CAC_HT:HTWater_out:Bdot,14109118.840691729,32600.46862213637,11677515.618140643,1462164.7732602002,936837.9806687296,6619928.63261076,5751897.0267162705,1737293.1813647195
ME1:CAC_LT:Air_in:Bdot,2934772.4758115774,968.118972651525,2103917.7448631017,269201.2632671323,560685.3487086969,1111388.705752373,1190548.2310515975,632835.5390076098
ME1:CAC_LT:LTWater_in:Bdot,1426085.1203925,3567.1423332076565,1213708.4406581775,134657.48791565874,74152.04948545527,826607.0353307276,498856.6447853741,100621.44027640343
ME1:CAC_LT:Air_out:Bdot,2667051.5493169,941.9943270455792,1909577.6688248022,246356.03917861017,510175.8469864394,1003910.2000534538,1086730.444089395,576410.9051740565
ME1:CAC_LT:LTWater_out:Bdot,1563000.1769424453,3583.593044933372,1318187.3773538661,145766.05975983734,95463.14678380708,889094.0374122643,550498.9372992483,123407.20223093237
ME1:LOC:LubOil_in:Bdot,3776537.5735524665,10967.625804870046,3115481.464341007,399931.2376500657,250157.2457565122,1825474.6536799206,1512936.2262902474,438126.6935822859
ME1:LOC:LTWater_in:Bdot,1563000.1769424453,3583.593044933372,1318187.3773538661,145766.05975983734,95463.14678380708,889094.0374122643,550498.9372992483,123407.20223093237
ME1:LOC:LubOil_out:Bdot,2869295.1635342194,8316.639478139165,2380153.2650294923,299783.80988884607,181041.4491377384,1425720.1598470898,1129916.048927303,313658.9547598292
ME1:LOC:LTWater_out:Bdot,2093489.3207990462,5114.474962485541,1753277.1569447343,202515.43282324896,132582.25606857598,1142045.2744447747,765377.0490695541,186066.99728471367
ME1:JWC:QdotJW_in:Bdot,1770429.378556252,5202.897131934579,1428275.1279267822,199480.92704178466,137470.4264557505,740616.9587792404,767304.0102642896,262508.4095127252
ME1:JWC:HTWater_in:Bdot,12667447.643756611,29432.113809147424,10550930.632206263,1308414.578229637,778670.3195115775,6010398.459663973,5150639.778140823,1506409.4059519065
ME1:JWC:HTWater_out:Bdot,13813724.233718034,32600.46862213637,11482246.74525587,1434554.1509268926,864322.8689130984,6505354.652806179,5640253.796277961,1668115.784633918
ME1:Cyl:Air_in:Bdot,2667051.5493169,941.9943270455792,1909577.6688248022,246356.03917861017,510175.8469864394,1003910.2000534538,1086730.444089395,576410.9051740565
ME1:Cyl:FuelPh_in:Bdot,35552.71457422781,55.757733543468916,28249.162951306433,3490.7696396945867,3757.024249683178,15731.438410334576,14493.640087519858,5327.636076373163
ME1:Cyl:FuelCh_in:Bdot,61396802.568495154,92966.4014604351,47808979.11188476,6248897.646879926,7245959.408269973,24061606.265032716,26239516.734276764,11095679.569185339
ME1:Cyl:EG_out:Bdot,13416665.672558771,9799.347425777496,10266212.692526659,1263787.9141195924,1876865.7184867717,5285522.886158865,5581754.48857204,2549388.297827917
ME1:Cyl:Power_out:Bdot,24695344.55281242,34023.27918835193,19077607.30068193,2489734.393995479,3093979.5789466905,9613780.967318794,10508388.504260166,4573175.0812335145
ME1:Cyl:QdotJW_out:Bdot,1770429.378556252,5202.897131934579,1428275.1279267822,199480.92704178466,137470.4264557505,740616.9587792404,767304.0102642896,262508.4095127252
ME1:Cyl:QdotRad_out:Bdot,149650.25711247753,438.43722028674784,122415.18577219802,16540.34277547012,10256.291344521846,65099.5164220152,63948.390813066726,20602.349877395176
ME1:Cyl:LubOil_in:Bdot,2869295.1635342194,8316.639478139165,2380153.2650294923,299783.80988884607,181041.4491377384,1425720.1598470898,1129916.048927303,313658.9547598292
ME1:Cyl:LubOil_out:Bdot,3776537.5735524665,10967.625804870046,3115481.464341007,399931.2376500657,250157.2457565122,1825474.6536799206,1512936.2262902474,438126.6935822859
ME1:HTsplit:HTWater_in:Bdot,14109118.840691729,32600.46862213637,11677515.618140643,1462164.7732602002,936837.9806687296,6619928.63261076,5751897.0267162705,1737293.1813647195
ME1:HTsplit:HTWater_out:Bdot,10568206.600193778,17555.726993820022,8889766.909657279,1053219.9767086678,607663.9868340368,4986977.295964242,4319324.417872835,1261904.8863567307
ME1:HTsplit:LTWater_out:Bdot,3540912.2404979346,15044.741628316355,2787748.7084833947,408944.79655153427,329173.9938346924,1632951.3366465045,1432572.6088434434,475388.2950079896
ME1:HTmerge:HTWater_in:Bdot,10568206.600193778,17555.726993820022,8889766.909657279,1053219.9767086678,607663.9868340368,4986977.295964242,4319324.417872835,1261904.8863567307
ME1:HTmerge:HTWater_out:Bdot,12667447.643756611,29432.113809147424,10550930.632206263,1308414.578229637,778670.3195115775,6010398.459663973,5150639.778140823,1506409.4059519065
ME1:HTmerge:LTWater_in:Bdot,2207569.7485081633,12379.55387486604,1743994.813347914,268412.7755589636,182782.6057264107,1064847.1672236382,879279.1586541482,263443.42263036716
ME1:TCshaft:Power_in:Bdot,5727507.477069762,2323.7719291695475,4254883.937793602,520537.4957670014,949762.2715799661,2235693.736539231,2362596.4801055994,1129217.26042491
ME1:TCshaft:Power_out:Bdot,4926962.366393338,1620.7626948302748,3631521.464438334,445100.67797564,848719.4612845362,1917998.9865117664,2024021.1974754862,984942.1824060943
ME1:TCshaft:Losses_out:Bdot,195276.90834565475,175.2958101973225,153985.11329395033,18035.987546669825,23080.51169483719,82841.33424984373,80544.11290945925,31891.46118635115
ME2:Comp:Air_in:Bdot,42451.7921796452,45.39999097125384,36357.26314521555,3469.6137841216814,2579.5152593367015,25773.755591174096,12871.038104826226,3806.9984836447156
ME2:Comp:Air_out:Bdot,4352747.873949507,978.1702224443725,3271765.0187584716,385736.6986508217,694267.986317764,1681182.6422109108,1776437.489874864,895127.7418637358
ME2:Comp:Power_in:Bdot,5046302.131154252,1334.676214743679,3806569.4268214004,449881.7542502123,788516.2738679183,1938367.5186327528,2073926.2433069763,1034008.3692145424
ME2:Turbine:Mix_in:Bdot,14916665.43772266,8064.309781689586,11719749.658763956,1348177.0102321403,1840674.4589448355,5975311.627011317,6195311.413120611,2746042.397590717
ME2:Turbine:Mix_out:Bdot,8004848.382290343,6244.292009373634,6485794.548514875,734714.0196721181,778095.5220939736,3320015.5441802,3346830.0315372013,1338002.806572947
ME2:Turbine:Power_out:Bdot,5913328.148698366,1903.2842146630223,4496054.896957222,529298.6065754538,886071.3609510382,2283658.816197704,2440101.3321733573,1189568.0003273096
ME2:BPsplit:Air_in:Bdot,4352747.873949507,978.1702224443725,3271765.0187584716,385736.6986508217,694267.986317764,1681182.6422109108,1776437.489874864,895127.7418637358
ME2:BPsplit:Air_out:Bdot,3333588.930255169,763.1687801143,2425327.6258937903,303403.9430598926,604094.1925213702,1253991.2172184102,1341481.9812165971,738115.7318201615
ME2:BPsplit:BP_out:Bdot,1019158.943694337,215.00144233007248,846437.3928646873,82332.75559092789,90173.79379639358,427191.42499249545,434955.5086582655,157012.0100435747
ME2:BPmerge:EG_in:Bdot,14739630.00099283,8492.129095571867,11602583.736111185,1336500.2875996283,1792053.8481864398,5901687.053535388,6131194.1271715965,2706748.820285837
ME2:BPmerge:Mix_out:Bdot,14916665.43772266,8064.309781689586,11719749.658763956,1348177.0102321403,1840674.4589448355,5975311.627011317,6195311.413120611,2746042.397590717
ME2:BPmerge:BP_in:Bdot,1007816.7540901551,211.81139613442136,836910.4933352531,81414.56319958241,89279.8861591861,422542.3733872613,430013.70640336035,155260.67429953543
ME2:BPvalve:BP_in:Bdot,1019158.943694337,215.00144233007248,846437.3928646873,82332.75559092789,90173.79379639358,427191.42499249545,434955.5086582655,157012.0100435747
ME2:BPvalve:BP_out:Bdot,1007816.7540901551,211.81139613442141,836910.4933352531,81414.56319958241,89279.8861591861,422542.3733872613,430013.7064033603,155260.67429953543
ME2:CAC_HT:Air_in:Bdot,3333588.930255169,763.1687801143,2425327.6258937903,303403.9430598926,604094.1925213702,1253991.2172184102,1341481.9812165971,738115.7318201615
ME2:CAC_HT:HTWater_in:Bdot,15134013.14214089,25026.07202680777,12827339.745967824,1476111.247326403,805536.0768198769,7247695.721747802,6155569.331936005,1730748.088457161
ME2:CAC_HT:Air_out:Bdot,3007337.693789182,763.1687801143,2222005.548975248,271222.29469624633,513346.6813375786,1137540.2203703818,1223443.167236019,646354.3061827734
ME2:CAC_HT:HTWater_out:Bdot,15403173.754725507,25026.07202680777,13004973.128355285,1501757.0518979474,871417.5024455133,7348048.614585152,6255591.611353815,1799533.5287865167
ME2:CAC_LT:Air_in:Bdot,3007337.693789182,763.1687801143,2222005.548975248,271222.2946962464,513346.6813375786,1137540.2203703816,1223443.167236019,646354.3061827734
ME2:CAC_LT:LTWater_in:Bdot,1195839.886735119,2092.787173927811,1029485.1569994438,109463.8680214911,54798.07454025818,702342.4666309564,408825.56194437825,84671.85815978571
ME2:CAC_LT:Air_out:Bdot,2713569.902305701,740.2687819897942,2000066.2834672963,246520.59293153824,466242.7571248751,1018990.6057718591,1107504.04362289,587075.2529109534
ME2:CAC_LT:LTWater_out:Bdot,1346499.422120685,2107.4363484256887,1147131.6650713382,121580.3006877919,75680.0200131289,770396.734095032,466371.29998360947,109731.38804204411
ME2:LOC:LubOil_in:Bdot,4307939.297056627,8657.62133926934,3603120.688045107,439861.99532967113,256298.99234258287,2080025.7371496558,1722299.5626878582,505613.99721910723
ME2:LOC:LTWater_in:Bdot,1346499.422120685,2107.4363484256887,1147131.6650713382,121580.3006877919,75680.0200131289,770396.734095032,466371.29998360947,109731.38804204411
ME2:LOC:LubOil_out:Bdot,3228657.882879345,6409.478958389376,2711312.1264404943,324351.70897662506,186584.5685038419,1597755.5087463981,1268937.7677715535,361964.6063613997
ME2:LOC:LTWater_out:Bdot,1979969.685138898,3438.16915976189,1673736.6788345515,187868.73808718452,114926.0990573997,1075205.1675480306,721049.9554498035,183714.5621410627
ME2:JWC:QdotJW_in:Bdot,2063758.3445801625,4397.7427347528655,1698155.8024569273,225672.9226198424,135531.87676863957,876651.2431825444,889977.775259468,297129.326138151
ME2:JWC:HTWater_in:Bdot,13771270.599041443,22261.92148349688,11699577.105516486,1330053.6015975177,719377.9704439364,6651588.53132999,5575818.423353331,1543863.6443581341
ME2:JWC:HTWater_out:Bdot,15134013.14214089,25026.07202680777,12827339.745967824,1476111.247326403,805536.0768198769,7247695.721747802,6155569.331936005,1730748.088457161
ME2:Cyl:Air_in:Bdot,2713569.902305701,740.2687819897942,2000066.2834672963,246520.59293153824,466242.7571248751,1018990.6057718591,1107504.04362289,587075.2529109534
ME2:Cyl:FuelPh_in:Bdot,39640.935547525405,46.62481935801692,32282.58750897664,3746.335806598311,3565.3874125924012,17660.446091830858,16355.685296249623,5624.804159444821
ME2:Cyl:FuelCh_in:Bdot,69619196.3383074,79842.3339898604,55651181.355883315,6850354.407107923,7037818.2413264355,27709759.326913893,29752048.776983213,12157388.234410146
ME2:Cyl:EG_out:Bdot,14739630.00099283,8492.129095571867,11602583.736111185,1336500.2875996283,1792053.8481864398,5901687.053535388,6131194.1271715965,2706748.820285837
ME2:Cyl:Power_out:Bdot,28210277.509803213,29693.907944601542,22423348.2534975,2747204.0669306642,3010031.2814304093,11179822.060657727,12013465.3213005,5016990.127844978
ME2:Cyl:QdotJW_out:Bdot,2063758.3445801625,4397.7427347528655,1698155.8024569273,225672.9226198424,135531.87676863957,876651.2431825444,889977.775259468,297129.326138151
ME2:Cyl:QdotRad_out:Bdot,162196.7673524955,336.1348733753183,134529.37622079998,17306.257708249585,10024.998550069218,70425.65862454772,69075.94469672584,22695.164031220706
ME2:Cyl:LubOil_in:Bdot,3228657.882879345,6409.478958389376,2711312.1264404943,324351.70897662506,186584.5685038419,1597755.5087463981,1268937.7677715535,361964.6063613997
ME2:Cyl:LubOil_out:Bdot,4307939.297056627,8657.62133926934,3603120.688045107,439861.99532967113,256298.99234258287,2080025.7371496558,1722299.5626878582,505613.99721910723
ME2:HTsplit:HTWater_in:Bdot,15403173.754725507,25026.07202680777,13004973.128355285,1501757.0518979474,871417.5024455133,7348048.614585152,6255591.611353815,1799533.5287865167
ME2:HTsplit:HTWater_out:Bdot,11707471.87104147,15261.62907114112,10022720.030437646,1096915.2353702248,572574.9761625165,5629052.8636247115,4769237.241181007,1309181.7662358254
ME2:HTsplit:LTWater_out:Bdot,3695701.8836839306,9764.442955666647,2982253.097917553,404841.8165277222,298842.5262829962,1718995.7509604467,1486354.3701727916,490351.7625506914
ME2:HTmerge:HTWater_in:Bdot,11707471.87104147,15261.62907114112,10022720.030437646,1096915.2353702248,572574.9761625165,5629052.8636247115,4769237.241181007,1309181.7662358254
ME2:HTmerge:HTWater_out:Bdot,13771270.599041443,22261.92148349688,11699577.105516486,1330053.6015975177,719377.9704439364,6651588.53132999,5575818.423353331,1543863.6443581341
ME2:HTmerge:LTWater_in:Bdot,2190862.6779020624,7187.301896999209,1777940.1060790492,246962.51575760712,158772.7541684082,1071770.1368147118,862033.792017755,257058.7490695998
ME2:TCshaft:Power_in:Bdot,5913328.148698366,1903.2842146630223,4496054.896957222,529298.6065754538,886071.3609510382,2283658.816197704,2440101.3321733573,1189568.0003273096
ME2:TCshaft:Power_out:Bdot,5046302.131154252,1334.676214743679,3806569.4268214004,449881.7542502123,788516.2738679183,1938367.5186327528,2073926.2433069763,1034008.3692145424
ME2:TCshaft:Losses_out:Bdot,211410.16001347007,142.12114810237557,169923.759539123,18985.66842480193,22358.610901442127,89987.39146463208,87035.37510632227,34387.39344251524
ME2:HRSG:Mix_in:Bdot,8004848.382290343,6244.292009373634,6485794.548514875,734714.0196721181,778095.5220939736,3320015.5441802,3346830.0315372013,1338002.806572947
ME2:HRSG:Mix_out:Bdot,4417674.074855757,2374.8002937341616,3522782.8299829396,384042.86656488874,508473.578014202,1839861.2049453706,1846217.2963107796,731595.573599627
ME2:HRSG:Steam_in:Bdot,420264.3977714229,514.2256311847691,349878.0860758104,40898.673993352284,28973.412071074927,185004.56218222444,171643.69212971325,63616.14345948341
ME2:HRSG:Steam_out:Bdot,2860022.2783794194,3477.1690296709535,2370002.9223645646,281682.1349307839,204860.05205440248,1212692.625931892,1188084.9222216217,459244.7302259146
ME3:Comp:Air_in:Bdot,41864.88949587008,55.830834405498095,36167.113188066665,3096.003332720956,2545.9421406769507,26265.27462778216,11929.83895791706,3669.7759101707757
ME3:Comp:Air_out:Bdot,4442534.894225908,1302.1943929698525,3409128.40675102,329050.441386192,703053.8516957201,1528958.1393086782,1968710.6169881194,944866.1379291059
ME3:Comp:Power_in:Bdot,5142551.488185253,1856.3823870118229,3960215.0273333685,384615.2599933526,795864.8184715098,1763274.021403495,2291886.236302644,1087391.2304791056
ME3:Turbine:Mix_in:Bdot,14408225.81685972,10117.689576099541,11521654.347426007,1139139.735930676,1737314.043926889,5716901.446007286,6053946.9852880705,2637377.3855643985
ME3:Turbine:Mix_out:Bdot,7440691.340709331,7658.564004458037,6134788.784452681,618077.5251314577,680166.4671207193,3285379.9312417665,2973297.506121716,1182013.9033458293
ME3:Turbine:Power_out:Bdot,6004778.117855685,2667.328780457587,4660473.235490612,454140.9095346202,887496.6440499922,2095164.6854366374,2669125.691450764,1240487.7409682907
ME3:BPsplit:Air_in:Bdot,4442534.894225908,1302.1943929698525,3409128.40675102,329050.441386192,703053.8516957201,1528958.1393086782,1968710.6169881194,944866.1379291059
ME3:BPsplit:Air_out:Bdot,3480647.6808136725,1098.5611859454596,2568304.8622208615,266408.9559863255,644835.3014205474,1173110.2626855457,1500418.468073795,807118.9500543532
ME3:BPsplit:BP_out:Bdot,961887.2134122187,203.63320702439276,840823.5445301528,62641.48539986636,58218.55027517437,355847.87662313465,468292.14891432907,137747.18787475437
ME3:BPmerge:EG_in:Bdot,14168078.926135274,10407.762553520626,11325595.194263497,1129373.3405813845,1702702.628736875,5670452.3121612435,5906400.255261132,2591226.358712851
ME3:BPmerge:Mix_out:Bdot,14408225.81685972,10117.689576099541,11521654.347426007,1139139.735930676,1737314.043926889,5716901.446007286,6053946.9852880705,2637377.3855643985
ME3:BPmerge:BP_in:Bdot,959088.3256436922,202.21890107359405,831830.9067058802,62895.31567404716,64159.88436269116,352104.05376151303,464425.8153217201,142558.45656045672
ME3:BPvalve:BP_in:Bdot,961887.2134122187,203.63320702439276,840823.5445301528,62641.48539986636,58218.55027517437,355847.87662313465,468292.14891432907,137747.18787475437
ME3:BPvalve:BP_out:Bdot,959088.3256436922,202.21890107359408,831830.9067058801,62895.31567404716,64159.884362691155,352104.053761513,464425.8153217202,142558.45656045672
ME3:CAC_HT:Air_in:Bdot,3480647.6808136725,1098.5611859454596,2568304.8622208615,266408.9559863255,644835.3014205474,1173110.2626855457,1500418.468073795,807118.9500543532
ME3:CAC_HT:HTWater_in:Bdot,15749885.239423387,37553.72549883859,13365198.19116259,1504389.1283710704,842744.1943908718,7460973.094004798,6392159.340974437,1896752.8044440954
ME3:CAC_HT:Air_out:Bdot,3122635.1232807045,1098.5611859454596,2336956.806985944,238801.05039471114,545778.7047141156,1067501.8432134036,1353512.1707957808,701621.109271533
ME3:CAC_HT:HTWater_out:Bdot,16038670.466695294,37553.72549883859,13563195.304481516,1525996.0767866415,911925.3599283007,7551726.732560787,6513906.120078997,1973037.614055622
ME3:CAC_LT:Air_in:Bdot,3122635.1232807045,1098.5611859454596,2336956.8069859445,238801.05039471114,545778.7047141156,1067501.8432134036,1353512.1707957808,701621.109271533
ME3:CAC_LT:LTWater_in:Bdot,1698447.421663618,4586.563957279544,1462395.2558076263,152632.4441724884,78833.15772622892,1004158.2323776631,570108.6911052773,124180.49818068082
ME3:CAC_LT:Air_out:Bdot,2829675.7966118366,1064.9344119566838,2116467.0965119503,218029.61584395944,494114.1498439702,956413.5092337704,1234867.894328142,638394.3930499274
ME3:CAC_LT:LTWater_out:Bdot,1847799.2107566895,4608.237313838585,1579717.4870939937,162720.9994368419,100752.48691201785,1068923.9389083593,628865.0204359372,150010.2514124014
ME3:LOC:LubOil_in:Bdot,4384953.0007772045,12428.45741581206,3690927.717893437,427493.4204324963,254103.4050354739,2132541.176734131,1741742.0895614773,510669.73448159476
ME3:LOC:LTWater_in:Bdot,1847799.2107566895,4608.237313838585,1579717.4870939937,162720.9994368419,100752.48691201785,1068923.9389083593,628865.0204359372,150010.2514124014
ME3:LOC:LubOil_out:Bdot,3163911.3146035234,8808.019523912959,2679694.5949851205,303181.92273183237,172226.77736264557,1592501.5724148632,1228536.9199066416,342872.82228201395
ME3:LOC:LTWater_out:Bdot,2567221.9270144165,6882.834921006642,2179150.7844769224,235376.56155362437,145811.746062876,1412477.079070478,918702.3436197899,236042.50432415312
ME3:JWC:QdotJW_in:Bdot,2368162.824303613,7141.447686433499,1954750.8751711997,246289.16068236696,159981.34076360785,991901.3606581878,1025456.4707014196,350804.99294400413
ME3:JWC:HTWater_in:Bdot,14208363.096120123,33190.48661667796,12085181.509462915,1347716.0520352796,742275.0480052806,6793885.860392081,5735314.738003086,1679162.497724977
ME3:JWC:HTWater_out:Bdot,15749885.239423387,37553.72549883859,13365198.19116259,1504389.1283710704,842744.1943908718,7460973.094004798,6392159.340974437,1896752.8044440954
ME3:Cyl:Air_in:Bdot,2829675.7966118366,1064.9344119566838,2116467.0965119503,218029.61584395944,494114.1498439702,956413.5092337704,1234867.894328142,638394.3930499274
ME3:Cyl:FuelPh_in:Bdot,41753.932019080414,69.63783693547305,34303.70001880623,3650.3905693859406,3730.2035939528932,18807.100421995492,16873.982697218697,6072.848899866356
ME3:Cyl:FuelCh_in:Bdot,71109379.44374453,117601.2457958773,57572261.89765074,6436848.145410067,6982668.154887795,28337614.614304513,30451086.21124261,12320678.618197393
ME3:Cyl:EG_out:Bdot,14168078.926135274,10407.762553520626,11325595.194263497,1129373.3405813845,1702702.628736875,5670452.3121612435,5906400.255261132,2591226.358712851
ME3:Cyl:Power_out:Bdot,28718888.44380123,43476.859558140764,23130589.945955016,2557653.094098186,2987168.5441898596,11399134.091771634,12244671.635694167,5075082.716335328
ME3:Cyl:QdotJW_out:Bdot,2368162.824303613,7141.447686433499,1954750.8751711997,246289.16068236696,159981.34076360785,991901.3606581878,1025456.4707014196,350804.99294400413
ME3:Cyl:QdotRad_out:Bdot,167292.0293617965,490.01950891062575,140072.5558077635,17037.896276798867,9691.557768323724,73002.67963151587,71375.77861142751,22913.571118853055
ME3:Cyl:LubOil_in:Bdot,3163911.3146035234,8808.019523912959,2679694.5949851205,303181.92273183237,172226.77736264557,1592501.5724148632,1228536.9199066416,342872.82228201395
ME3:Cyl:LubOil_out:Bdot,4384953.0007772045,12428.45741581206,3690927.717893437,427493.4204324963,254103.4050354739,2132541.176734131,1741742.0895614773,510669.73448159476
ME3:HTsplit:HTWater_in:Bdot,16038670.466695294,37553.72549883859,13563195.304481516,1525996.0767866415,911925.3599283007,7551726.732560787,6513906.120078997,1973037.614055622
ME3:HTsplit:HTWater_out:Bdot,11712463.47810845,25323.55749930036,10047591.21947818,1073952.8589299666,565595.84220099,5587319.885719645,4743051.718431796,1382091.8739569648
ME3:HTsplit:LTWater_out:Bdot,4334714.537982418,19163.362564156734,3515604.085003454,453617.5726874933,346329.51772731077,1971340.0414057577,1772428.7564779904,590945.7400986584
ME3:HTmerge:HTWater_in:Bdot,11712463.47810845,25323.55749930036,10047591.21947818,1073952.8589299666,565595.84220099,5587319.885719645,4743051.718431796,1382091.8739569648
ME3:HTmerge:HTWater_out:Bdot,14208363.096120123,33190.48661667796,12085181.509462915,1347716.0520352796,742275.0480052806,6793885.860392081,5735314.738003086,1679162.497724977
ME3:HTmerge:LTWater_in:Bdot,2631930.466428727,8047.256169070002,2145226.9277431937,289541.5032831427,189114.77923333528,1257279.2000521186,1053605.7016838468,321045.56469277217
ME3:TCshaft:Power_in:Bdot,6004778.117855685,2667.328780457587,4660473.235490612,454140.9095346202,887496.6440499922,2095164.6854366374,2669125.691450764,1240487.7409682907
ME3:TCshaft:Power_out:Bdot,5142551.488185253,1856.3823870118229,3960215.0273333685,384615.2599933526,795864.8184715098,1763274.021403495,2291886.236302644,1087391.2304791056
ME3:TCshaft:Losses_out:Bdot,209672.5497147705,198.17375518569912,171851.5933259704,16568.103346087173,21054.679287526436,86525.2341067721,89215.64888737448,33931.66672062293
ME3:HRSG:Mix_in:Bdot,7440691.340709331,7658.564004458037,6134788.784452681,618077.5251314577,680166.4671207193,3285379.9312417665,2973297.506121716,1182013.9033458293
ME3:HRSG:Mix_out:Bdot,4271979.906997055,3244.4474926885255,3475771.723167441,340697.7532520157,452265.983084919,1750446.7269407872,1797030.5894750895,724502.5905811863
ME3:HRSG:Steam_in:Bdot,378384.1263104059,588.9059573551631,319557.69140841096,33129.91959279126,25107.60935184823,190482.084424622,138726.91078903692,49175.13109674549
ME3:HRSG:Steam_out:Bdot,2563934.1980166757,3990.2355598583054,2156289.8737949473,227156.05837275,176498.03028912013,1246655.0846146322,962688.6570796764,354590.45632238
ME4:Comp:Air_in:Bdot,40072.21602413757,44.90437545329602,34577.77822097913,2969.9790064005697,2479.55442130435,25635.78055910972,11140.133963142294,3296.301501885456
ME4:Comp:Air_out:Bdot,4375762.701356061,887.439531923737,3363533.3860175917,327041.15373335546,684300.722073182,1676287.299335431,1836511.4938905023,862963.9081301307
ME4:Comp:Power_in:Bdot,5044658.036503126,1215.807604203932,3889180.0795296566,379868.6637385981,774393.485630678,1919782.6582280807,2132930.6619974673,991944.716277573
ME4:Turbine:Mix_in:Bdot,13860252.725435937,7890.227883675141,10994091.25814522,1122159.5806283709,1736111.6587786328,5448936.430097944,5902536.554957011,2508779.740380941
ME4:Turbine:Mix_out:Bdot,7033181.96792278,6221.579315273064,5719076.419097521,606386.3883037257,701497.5812062755,2858954.368155698,3004743.5834070947,1169484.016359976
ME4:Turbine:Power_out:Bdot,5836044.342629208,1751.3657769578026,4527839.049215626,444108.63296902133,862345.294667585,2231442.4227959653,2475484.4849680513,1129117.4348651862
ME4:BPsplit:Air_in:Bdot,4375762.701356061,887.439531923737,3363533.3860175917,327041.15373335546,684300.722073182,1676287.299335431,1836511.4938905023,862963.9081301307
ME4:BPsplit:Air_out:Bdot,3521398.522201288,849.5448625744917,2605274.153304962,273481.1013312449,641793.7227025032,1302128.7226754832,1457216.9202245662,762052.8793012333
ME4:BPsplit:BP_out:Bdot,854364.179154775,37.894669349245206,758259.232712636,53560.052402110785,42506.99937067847,374158.5766599384,379294.57366594195,100911.02882889808
ME4:BPmerge:EG_in:Bdot,13586656.051061988,7946.071047470949,10756855.999611618,1108960.7545811445,1712893.2258217242,5318984.490412098,5788332.143966939,2479339.4166829176
ME4:BPmerge:Mix_out:Bdot,13860252.725435937,7890.227883675141,10994091.25814522,1122159.5806283709,1736111.6587786328,5448936.430097944,5902536.554957011,2508779.740380941
ME4:BPmerge:BP_in:Bdot,874104.450381026,53.35393945564315,753841.3926690479,56273.5077158303,63936.196056692,373364.713308156,382714.7561718867,118024.98090097791
ME4:BPvalve:BP_in:Bdot,854364.179154775,37.894669349245206,758259.232712636,53560.052402110785,42506.99937067847,374158.5766599384,379294.57366594195,100911.02882889808
ME4:BPvalve:BP_out:Bdot,874104.4503810261,53.35393945564316,753841.3926690478,56273.5077158303,63936.196056692,373364.713308156,382714.7561718867,118024.98090097791
ME4:CAC_HT:Air_in:Bdot,3521398.522201288,849.5448625744917,2605274.153304962,273481.1013312449,641793.7227025032,1302128.7226754832,1457216.9202245662,762052.8793012333
ME4:CAC_HT:HTWater_in:Bdot,14415829.518562686,33462.726021304756,12149302.830707897,1425970.9990137157,807092.9628197461,6750407.828862792,5933135.372516585,1732286.3171832277
ME4:CAC_HT:Air_out:Bdot,3133483.540518271,849.5448625744917,2345370.689928957,243547.52323814912,543715.78248859,1159259.510457291,1311847.0957477456,662376.9343132271
ME4:CAC_HT:HTWater_out:Bdot,14724833.300398126,33462.726021304756,12367986.899564777,1449029.4339660844,874354.2408459613,6870400.875182377,6051752.388537174,1802680.036678546
ME4:CAC_LT:Air_in:Bdot,3133483.540518271,849.5448625744917,2345370.689928957,243547.52323814912,543715.78248859,1159259.510457291,1311847.0957477456,662376.9343132271
ME4:CAC_LT:LTWater_in:Bdot,1467676.2278108932,3587.1739651411876,1257838.9962281447,134039.7835854295,72210.27403217688,860788.2885037428,499441.26143596537,107446.67787118438
ME4:CAC_LT:Air_out:Bdot,2829809.325131838,827.4975688267012,2117866.819349419,221341.36966217755,489773.6385514031,1040136.4066915109,1190339.4520067598,599333.4664335493
ME4:CAC_LT:LTWater_out:Bdot,1619604.3432396832,3602.150438915937,1376530.814205089,144648.32129437805,94823.05730130688,928628.6357246392,558079.2262943984,132896.48122064414
ME4:LOC:LubOil_in:Bdot,3825248.000030271,10276.669847978803,3200072.485004445,385945.97421427636,228952.87096356918,1856632.3980503827,1532311.7981455624,436303.803834336
ME4:LOC:LTWater_in:Bdot,1619604.3432396832,3602.150438915937,1376530.814205089,144648.32129437805,94823.05730130688,928628.6357246392,558079.2262943984,132896.48122064414
ME4:LOC:LubOil_out:Bdot,2850481.475189016,7504.907776450367,2396660.2409771993,282809.8614988024,163506.46493655737,1418881.9061639446,1124264.8240760544,307334.7449490114
ME4:LOC:LTWater_out:Bdot,2190172.3713818085,5241.184502796423,1850241.2031627689,203873.56511433353,130816.41860190207,1206191.058294263,785633.9112118416,198347.4018756905
ME4:JWC:QdotJW_in:Bdot,1923572.7437856758,5580.886977712599,1578459.37069765,208006.5737137558,131525.91239655737,815132.0584553417,830821.6633289527,277619.0220013806
ME4:JWC:HTWater_in:Bdot,13164069.423636265,30063.01963555723,11115335.767459588,1293762.2807126031,724908.3558285417,6202135.470792942,5401366.120249175,1560567.8325942394
ME4:JWC:HTWater_out:Bdot,14415829.518562686,33462.726021304756,12149302.830707897,1425970.9990137157,807092.9628197461,6750407.828862792,5933135.372516585,1732286.3171832277
ME4:Cyl:Air_in:Bdot,2829809.325131838,827.4975688267012,2117866.819349419,221341.36966217755,489773.6385514031,1040136.4066915109,1190339.4520067598,599333.4664335493
ME4:Cyl:FuelPh_in:Bdot,36829.75540640163,53.69139026620997,30052.413540006524,3290.337661817405,3433.312814311445,16256.264067615244,15295.088332410895,5278.403006375518
ME4:Cyl:FuelCh_in:Bdot,63893173.26444316,92004.57048302042,51204753.70337145,5913934.459832748,6682480.530755971,25037512.368340258,27754166.930792864,11101493.965310127
ME4:Cyl:EG_out:Bdot,13586656.051061988,7946.071047470949,10756855.999611618,1108960.7545811445,1712893.2258217242,5318984.490412098,5788332.143966939,2479339.4166829176
ME4:Cyl:Power_out:Bdot,25761567.85470632,33614.06886601891,20526080.507839262,2346271.6180780893,2855601.659922966,10044861.867489228,11149440.981815578,4567265.005401509
ME4:Cyl:QdotJW_out:Bdot,1923572.7437856758,5580.886977712599,1578459.37069765,208006.5737137558,131525.91239655737,815132.0584553417,830821.6633289527,277619.0220013806
ME4:Cyl:QdotRad_out:Bdot,154311.51814562987,430.8117104381616,128045.01457529393,16283.59008179239,9552.101778105316,66335.95886774771,66671.20000748125,21304.359270400695
ME4:Cyl:LubOil_in:Bdot,2850481.475189016,7504.907776450367,2396660.2409771993,282809.8614988024,163506.46493655737,1418881.9061639446,1124264.8240760544,307334.7449490114
ME4:Cyl:LubOil_out:Bdot,3825248.000030271,10276.669847978803,3200072.485004445,385945.97421427636,228952.87096356918,1856632.3980503827,1532311.7981455624,436303.803834336
ME4:HTsplit:HTWater_in:Bdot,14724833.300398126,33462.726021304756,12367986.899564777,1449029.4339660844,874354.2408459613,6870400.875182377,6051752.388537174,1802680.036678546
ME4:HTsplit:HTWater_out:Bdot,11020348.268018529,36026.46827305052,9370928.68932916,1051380.3104589332,562012.7999573121,5159007.100545877,4552776.581586475,1308564.585886106
ME4:HTsplit:LTWater_out:Bdot,3744453.362212739,27528.69671917783,3006934.1010977626,397649.1235071547,312341.4408886498,1751362.1044695927,1498975.8069506874,494115.45079244423
ME4:HTmerge:HTWater_in:Bdot,11020348.268018529,36026.46827305052,9370928.68932916,1051380.3104589332,562012.7999573121,5159007.100545877,4552776.581586475,1308564.585886106
ME4:HTmerge:HTWater_out:Bdot,13164069.423636265,30063.01963555723,11115335.767459588,1293762.2807126031,724908.3558285417,6202135.470792942,5401366.120249175,1560567.8325942394
ME4:HTmerge:LTWater_in:Bdot,2268556.664035714,-5817.5554667403085,1847602.3932600142,252937.03869040014,173834.78755205098,1098730.5334346427,897873.4778781662,271952.6527229176
ME4:TCshaft:Power_in:Bdot,5836044.342629208,1751.3657769578026,4527839.049215626,444108.63296902133,862345.294667585,2231442.4227959653,2475484.4849680513,1129117.4348651862
ME4:TCshaft:Power_out:Bdot,5044658.036503126,1215.807604203932,3889180.0795296566,379868.6637385981,774393.485630678,1919782.6582280807,2132930.6619974673,991944.716277573
ME4:TCshaft:Losses_out:Bdot,192880.1589458835,131.2939684290171,157250.33646722886,15326.447023616925,20172.081486608735,81387.8837074982,81120.02188681034,30372.25335157513
AE1:Comp:Air_in:Bdot,1812.6175914013286,331.5288782511283,1242.9428303371972,200.18184123201755,37.96404158099428,1144.817046204347,402.6675246574648,265.13302053952776
AE1:Comp:Air_out:Bdot,2528369.8674104754,611199.5410667149,1581809.2104837012,221394.9116833119,113966.2041767618,1185747.7847361243,858224.2439479034,484397.83872645
AE1:Comp:Power_in:Bdot,3053756.167765082,729642.7877580324,1912548.8243818423,277699.9953054991,133864.56031971975,1433853.4366273854,1047318.5369529155,572584.194184782
AE1:Turbine:Mix_in:Bdot,12142379.63354891,2471086.023057347,8043460.874166999,1195712.9594513183,432119.7768732102,5749112.689654776,4420664.2841507895,1972602.6597432687
AE1:Turbine:Mix_out:Bdot,7021882.504216518,1312975.8253678647,4776471.945419424,709210.4146417723,223224.31878746467,3379225.4313193983,2592577.21472509,1050079.8581720246
AE1:Turbine:Power_out:Bdot,4813467.70436976,1044941.22800245,3094178.9030029722,489325.0550708675,185022.51829347195,2194767.7079747524,1774715.093155772,843984.903239233
AE1:BPsplit:Air_in:Bdot,2528369.8674104754,611199.5410667149,1581809.2104837012,221394.9116833119,113966.2041767618,1185747.7847361243,858224.2439479034,484397.83872645
AE1:BPsplit:Air_out:Bdot,2528369.8674104754,611199.5410667149,1581809.2104837012,221394.9116833119,113966.2041767618,1185747.7847361243,858224.2439479034,484397.83872645
AE1:BPsplit:BP_out:Bdot,0.0,0.0,0.0,0.0,0.0,0.0,0.0,0.0
AE1:BPmerge:EG_in:Bdot,12142379.63354891,2471086.0230573476,8043460.874166999,1195712.9594513183,432119.7768732102,5749112.689654776,4420664.2841507895,1972602.6597432687
AE1:BPmerge:Mix_out:Bdot,12142379.63354891,2471086.023057347,8043460.874166999,1195712.9594513183,432119.7768732102,5749112.689654776,4420664.2841507895,1972602.6597432687
AE1:BPmerge:BP_in:Bdot,0.0,0.0,0.0,0.0,0.0,0.0,0.0,0.0
AE1:BPvalve:BP_in:Bdot,0.0,0.0,0.0,0.0,0.0,0.0,0.0,0.0
AE1:BPvalve:BP_out:Bdot,0.0,0.0,0.0,0.0,0.0,0.0,0.0,0.0
AE1:CAC_HT:Air_in:Bdot,2528369.8674104754,611199.5410667149,1581809.2104837012,221394.9116833119,113966.2041767618,1185747.7847361243,858224.2439479034,484397.83872645
AE1:CAC_HT:HTWater_in:Bdot,13980670.134215327,2300809.7846233626,9796599.04311249,1522998.513431544,360262.79304792965,7428593.06818588,4995092.123216947,1556984.9428125336
AE1:CAC_HT:Air_out:Bdot,2456132.480927214,590246.4434178565,1543399.4147043761,215870.50239283222,106616.12041216489,1159136.4093637026,841393.17831936,455602.8932441561
AE1:CAC_HT:HTWater_out:Bdot,14046621.291628258,2320643.313957141,9831487.980207274,1527923.5274361647,366566.4700276819,7454166.248310956,5011057.503022789,1581397.5402945636
AE1:CAC_LT:Air_in:Bdot,2456132.480927214,590246.4434178565,1543399.4147043761,215870.50239283222,106616.12041216489,1159136.4093637026,841393.17831936,455602.8932441561
AE1:CAC_LT:LTWater_in:Bdot,1980936.5466605166,346383.7482402237,1379705.5742560783,213873.5736564665,40973.650507741404,1221088.5295941918,630892.8071755324,128955.20989078777
AE1:CAC_LT:Air_out:Bdot,2290188.693833627,539410.6878422641,1449229.3031918197,203060.96151885495,98487.74128068748,1085598.2793780814,786712.9871579397,417877.4272976115
AE1:CAC_LT:LTWater_out:Bdot,2089485.3026227602,379433.77806723176,1442347.9551384707,222116.25527414618,45587.314142909825,1273351.2039267845,666945.5983687566,149188.5003272245
AE1:LOC:LubOil_in:Bdot,4429448.185398489,789357.7460584396,3055856.3953433824,473226.8890702521,111007.15492640974,2433195.5624929476,1540872.3096540235,455380.3132514986
AE1:LOC:LTWater_in:Bdot,2089485.3026227602,379433.77806723176,1442347.9551384707,222116.25527414618,45587.314142909825,1273351.2039267845,666945.5983687566,149188.5003272245
AE1:LOC:LubOil_out:Bdot,3327603.114793114,576963.6417098517,2308615.498628941,362841.81665583205,79182.15779848551,1863086.5448406155,1147236.7710729884,317279.79887950676
AE1:LOC:LTWater_out:Bdot,2873077.127501866,532207.1373230208,1974016.8480460823,299300.5075082476,67552.63462451748,1697216.0072817747,938967.0224487438,236894.09777134878
AE1:JWC:QdotJW_in:Bdot,2054995.2894164848,388048.1158134559,1394759.4628966586,211177.18101279243,61010.529693578974,1012992.48897351,760462.7570787985,281540.0433641661
AE1:JWC:HTWater_in:Bdot,12593475.393544508,2041525.3474717957,8849927.731084717,1382831.0804768803,319191.2345110903,6726445.874632846,4492992.948769441,1374036.5701421627
AE1:JWC:HTWater_out:Bdot,13980670.134215327,2300809.7846233626,9796599.04311249,1522998.513431544,360262.79304792965,7428593.06818588,4995092.123216947,1556984.9428125336
AE1:Cyl:Air_in:Bdot,2290188.693833627,539410.6878422641,1449229.3031918197,203060.96151885495,98487.74128068748,1085598.2793780814,786712.9871579397,417877.4272976115
AE1:Cyl:FuelPh_in:Bdot,34210.67040757191,6735.578963658689,23084.350523320554,3323.9177554246526,1066.8231651680126,18000.63933279973,11819.378366966412,4390.652707805773
AE1:Cyl:FuelCh_in:Bdot,57870337.913300335,11392835.20835217,38693222.85674183,5832114.048123995,1952165.8000821827,27187921.50333863,21509190.49444763,9173225.915513897
AE1:Cyl:EG_out:Bdot,12142379.63354891,2471086.0230573476,8043460.874166999,1195712.9594513183,432119.7768732102,5749112.689654776,4420664.2841507895,1972602.6597432687
AE1:Cyl:Power_out:Bdot,21844608.43414734,4463809.809545487,14470088.248389605,2144848.3376392648,765862.0385729237,10258492.75430905,8029972.249102774,3556143.4307354772
AE1:Cyl:QdotJW_out:Bdot,2054995.2894164848,388048.1158134559,1394759.4628966586,211177.18101279243,61010.529693578974,1012992.48897351,760462.7570787985,281540.0433641661
AE1:Cyl:QdotRad_out:Bdot,128037.44438429539,21587.238822189476,88437.02625284734,14681.513153557573,3331.6661557014577,63458.24267184823,48724.34602438688,15854.855688061103
AE1:Cyl:LubOil_in:Bdot,3327603.114793114,576963.6417098517,2308615.498628941,362841.81665583205,79182.15779848551,1863086.5448406155,1147236.7710729884,317279.79887950676
AE1:Cyl:LubOil_out:Bdot,4429448.185398489,789357.7460584396,3055856.3953433824,473226.8890702521,111007.15492640974,2433195.5624929476,1540872.3096540235,455380.3132514986
AE1:HTsplit:HTWater_in:Bdot,14046621.291628258,2320643.313957141,9831487.980207274,1527923.5274361647,366566.4700276819,7454166.248310956,5011057.503022789,1581397.5402945636
AE1:HTsplit:HTWater_out:Bdot,10878834.17729829,1674614.8477818982,7722661.20662263,1202615.3470065237,278942.7758872969,5770238.46333831,3898461.487562617,1210134.2263974366
AE1:HTsplit:LTWater_out:Bdot,3199536.1836193446,656809.7224817442,2125728.05230813,329198.54347682337,87799.86535262104,1699365.9106054204,1127985.724440755,372184.5485731481
AE1:HTmerge:HTWater_in:Bdot,10878834.17729829,1674614.8477818982,7722661.20662263,1202615.3470065237,278942.7758872969,5770238.46333831,3898461.487562617,1210134.2263974366
AE1:HTmerge:HTWater_out:Bdot,12593475.393544508,2041525.3474717957,8849927.731084717,1382831.0804768803,319191.2345110903,6726445.874632846,4492992.948769441,1374036.5701421627
AE1:HTmerge:LTWater_in:Bdot,1842807.4115209668,395796.54809229024,1209694.7442778172,192514.712004539,44801.40714630992,1019690.21228814,638283.7103700509,184833.48886276592
AE1:TCshaft:Power_in:Bdot,4813467.70436976,1044941.22800245,3094178.9030029722,489325.0550708675,185022.51829347195,2194767.7079747524,1774715.093155772,843984.903239233
AE1:TCshaft:Power_out:Bdot,3053756.167765082,729642.7877580324,1912548.8243818423,277699.9953054991,133864.56031971975,1433853.4366273854,1047318.5369529155,572584.194184782
AE1:TCshaft:Losses_out:Bdot,164783.6067646422,31049.52904508972,110117.94980344787,18787.174253938345,4828.953662166149,79176.84490575509,63021.81114884488,22584.950710042445
AE1:HRSG:Mix_in:Bdot,7021882.504216518,1312975.8253678647,4776471.945419424,709210.4146417723,223224.31878746467,3379225.4313193983,2592577.21472509,1050079.8581720246
AE1:HRSG:Mix_out:Bdot,3705965.0188859915,743447.04071224,2460548.7309357077,379314.06241087615,122655.1848271604,1704475.7124228803,1479042.6240186591,522446.6824444373
AE1:HRSG:Steam_in:Bdot,381645.4761881418,66379.88615487519,266459.47845345456,38023.884686102705,10782.226893711808,203933.4666528739,124326.60909098746,53385.400444281644
AE1:HRSG:Steam_out:Bdot,2578690.4964162894,446316.8257929034,1797731.151369019,259250.42480980235,75392.09444455973,1335542.7073970176,857427.4274812464,385720.36153802753
AE1:AG:Power_in:Bdot,21844608.43414734,4463809.809545487,14470088.248389605,2144848.3376392648,765862.0385729237,10258492.75430905,8029972.249102774,3556143.4307354772
AE1:AG:Power_out:Bdot,20649788.541918326,4261565.582114769,13647476.845057406,2009077.7767528486,731668.3379933522,9698407.715597115,7564588.243448151,3386792.5828731074
AE1:AG:Losses_out:Bdot,294543.0485030762,50217.32399913649,203420.3711810467,32917.94263573139,7987.410687159171,146223.58796678923,110921.83796790671,37397.62256837883
AE2:Comp:Air_in:Bdot,1271.5384938172972,261.6448572997311,812.2550924091047,160.71049854900994,36.92804555945277,733.4431748101332,351.24517500856626,186.8501439985989
AE2:Comp:Air_out:Bdot,2460256.7461209223,637805.4377674772,1466566.3793273456,225453.07948065264,130431.84954543949,941431.6935454998,1089836.8533574566,428988.1992179553
AE2:Comp:Power_in:Bdot,2925042.185362912,751927.3685308466,1748157.9565303202,272969.8316935516,151987.02860818937,1119951.2222881732,1303486.91751136,501604.04556338536
AE2:Turbine:Mix_in:Bdot,10661018.80175878,2489604.77024308,6614575.6495993575,1093643.9929690505,463194.3889473746,4216866.598372292,4875698.1188677875,1568454.084518748
AE2:Turbine:Mix_out:Bdot,6300100.071589908,1383224.302089599,3991341.6975263106,679882.1071038103,245651.96487019,2523517.9605371584,2927380.6881675315,849201.4228852236
AE2:Turbine:Power_out:Bdot,3641993.194369341,912861.6314206528,2196424.03175005,357055.9931141534,175651.53808449357,1425150.4041202676,1630849.843755481,585992.9464936048
AE2:BPsplit:Air_in:Bdot,2460256.7461209223,637805.4377674772,1466566.3793273456,225453.07948065264,130431.84954543949,941431.6935454998,1089836.8533574566,428988.1992179553
AE2:BPsplit:Air_out:Bdot,2460256.7461209223,637805.4377674772,1466566.3793273456,225453.07948065264,130431.84954543949,941431.6935454998,1089836.8533574566,428988.1992179553
AE2:BPsplit:BP_out:Bdot,0.0,0.0,0.0,0.0,0.0,0.0,0.0,0.0
AE2:BPmerge:EG_in:Bdot,10661018.80175878,2489604.77024308,6614575.6495993575,1093643.9929690505,463194.38894737454,4216866.598372292,4875698.1188677875,1568454.084518748
AE2:BPmerge:Mix_out:Bdot,10661018.80175878,2489604.77024308,6614575.6495993575,1093643.9929690505,463194.3889473746,4216866.598372292,4875698.1188677875,1568454.084518748
AE2:BPmerge:BP_in:Bdot,0.0,0.0,0.0,0.0,0.0,0.0,0.0,0.0
AE2:BPvalve:BP_in:Bdot,0.0,0.0,0.0,0.0,0.0,0.0,0.0,0.0
AE2:BPvalve:BP_out:Bdot,0.0,0.0,0.0,0.0,0.0,0.0,0.0,0.0
AE2:CAC_HT:Air_in:Bdot,2460256.7461209223,637805.4377674772,1466566.3793273456,225453.07948065264,130431.84954543949,941431.6935454998,1089836.8533574566,428988.1992179553
AE2:CAC_HT:HTWater_in:Bdot,9842900.029161863,2011735.7401658976,6354275.072312031,1150320.2974702434,326568.9192136623,4456056.953666772,4357646.648614148,1029196.4268809535
AE2:CAC_HT:Air_out:Bdot,2373988.3921236563,611206.084485065,1421737.4444178499,220018.0247593987,121026.83846133064,916075.8261544151,1060579.5890824741,397332.9768867536
AE2:CAC_HT:HTWater_out:Bdot,9920349.476176219,2036543.0372768394,6394213.177228607,1155062.0834707478,334531.1781999874,4479958.785475325,4384846.495499452,1055544.195201418
AE2:CAC_LT:Air_in:Bdot,2373988.3921236563,611206.084485065,1421737.4444178499,220018.0247593987,121026.83846133064,916075.8261544151,1060579.5890824741,397332.9768867536
AE2:CAC_LT:LTWater_in:Bdot,1401103.0153949105,288849.96967606683,905696.0167451578,173966.23117532925,32590.797798355085,741034.7725453806,565844.4986925684,94223.74415696075
AE2:CAC_LT:Air_out:Bdot,2193037.533617578,559405.5165591465,1316647.2569739795,205626.3886780915,111358.37140638019,847458.107207819,980253.8631499801,365325.56325977773
AE2:CAC_LT:LTWater_out:Bdot,1518131.1565417144,321809.13982239476,974884.5404018951,183467.53445081256,37969.94186661588,788921.1376272036,617601.4774933466,111608.54142117113
AE2:LOC:LubOil_in:Bdot,3134453.304869731,663633.7548142908,2007264.6014057451,368132.42484487593,95422.52380482198,1465599.0885696716,1367197.7497057694,301656.46659429366
AE2:LOC:LTWater_in:Bdot,1518131.1565417144,321809.13982239476,974884.5404018951,183467.53445081256,37969.94186661588,788921.1376272036,617601.4774933466,111608.54142117113
AE2:LOC:LubOil_out:Bdot,2464727.3430027287,507939.182388236,1587393.580805624,298602.29455164366,70792.28525722602,1173916.3670190857,1069438.328129611,221372.6478540245
AE2:LOC:LTWater_out:Bdot,1991643.6292195437,432445.374671212,1272250.795695006,232255.8772469216,54691.58160640483,1004254.8778061966,823239.765945213,164148.9854681343
AE2:JWC:QdotJW_in:Bdot,1293193.6040334075,295531.3355677351,811475.2649272394,137175.2422284466,49011.761309984446,533099.6735223132,593311.5600609907,166782.37045010604
AE2:JWC:HTWater_in:Bdot,9002585.469669083,1818934.898872574,5826010.412462399,1063439.2240937718,294200.9342402599,4097866.0791581487,3981123.069085633,923596.321425233
AE2:JWC:HTWater_out:Bdot,9842900.029161863,2011735.7401658976,6354275.072312031,1150320.2974702434,326568.9192136623,4456056.953666772,4357646.648614148,1029196.4268809535
AE2:Cyl:Air_in:Bdot,2193037.533617578,559405.5165591465,1316647.2569739795,205626.3886780915,111358.37140638019,847458.107207819,980253.8631499801,365325.56325977773
AE2:Cyl:FuelPh_in:Bdot,25322.247177941113,5846.583883861478,15914.450295446699,2615.1220186515666,946.0909799816674,11149.22141347371,11255.169933705965,2917.8558307617427
AE2:Cyl:FuelCh_in:Bdot,46437886.8193037,10707097.027266566,28906374.377870183,4867643.103328927,1956772.3108381017,18075968.524833165,21619489.697026726,6742428.597443896
AE2:Cyl:EG_out:Bdot,10661018.80175878,2489604.77024308,6614575.6495993575,1093643.9929690505,463194.38894737454,4216866.598372292,4875698.1188677875,1568454.084518748
AE2:Cyl:Power_out:Bdot,17621682.68317325,4183774.5126394844,10881410.890131112,1782909.4179247452,773587.862477852,6861106.445636721,8127109.868281951,2633466.369254567
AE2:Cyl:QdotJW_out:Bdot,1293193.6040334075,295531.3355677351,811475.2649272394,137175.2422284466,49011.761309984446,533099.6735223132,593311.5600609907,166782.37045010604
AE2:Cyl:QdotRad_out:Bdot,100510.32974474036,20307.677322792482,64464.13757872175,12551.36101902721,3187.1538241993817,41760.606037786376,47486.981573763805,11262.742133190402
AE2:Cyl:LubOil_in:Bdot,2464727.3430027287,507939.182388236,1587393.580805624,298602.29455164366,70792.28525722602,1173916.3670190857,1069438.328129611,221372.6478540245
AE2:Cyl:LubOil_out:Bdot,3134453.304869731,663633.7548142908,2007264.6014057451,368132.42484487593,95422.52380482198,1465599.0885696716,1367197.7497057694,301656.46659429366
AE2:HTsplit:HTWater_in:Bdot,9920349.476176219,2036543.0372768394,6394213.177228607,1155062.0834707478,334531.1781999874,4479958.785475325,4384846.495499452,1055544.195201418
AE2:HTsplit:HTWater_out:Bdot,7633286.715516213,1503114.9391386895,4972936.863082826,898823.7410778266,258411.17221687955,3456357.6242544474,3378738.582043577,798190.5092182051
AE2:HTsplit:LTWater_out:Bdot,2323050.9355280944,549274.945986261,1438862.357615679,258406.90001045246,76506.73191569932,1049787.727965661,1015130.7173548025,258132.49020762782
AE2:HTmerge:HTWater_in:Bdot,7633286.715516213,1503114.9391386895,4972936.863082826,898823.7410778266,258411.17221687955,3456357.6242544474,3378738.582043577,798190.5092182051
AE2:HTmerge:HTWater_out:Bdot,9002585.469669083,1818934.898872574,5826010.412462399,1063439.2240937718,294200.9342402599,4097866.0791581487,3981123.069085633,923596.321425233
AE2:HTmerge:LTWater_in:Bdot,1447912.5916418799,336520.9880328479,901009.0782378567,170722.8459991446,39659.67937203749,678386.5185337142,631972.0265109963,137554.04659717137
AE2:TCshaft:Power_in:Bdot,3641993.194369341,912861.6314206528,2196424.03175005,357055.9931141534,175651.53808449357,1425150.4041202676,1630849.843755481,585992.9464936048
AE2:TCshaft:Power_out:Bdot,2925042.185362912,751927.3685308466,1748157.9565303202,272969.8316935516,151987.02860818937,1119951.2222881732,1303486.91751136,501604.04556338536
AE2:TCshaft:Losses_out:Bdot,124645.87595736836,27845.8708325921,77892.22758449437,14410.172696444053,4497.604843838057,52343.34107715021,56997.564695631976,15304.970184586124
AE2:HRSG:Mix_in:Bdot,6300100.071589908,1383224.302089599,3991341.6975263106,679882.1071038103,245651.96487019,2523517.9605371584,2927380.6881675315,849201.4228852236
AE2:HRSG:Mix_out:Bdot,3720160.34960692,844616.5379340398,2341591.2784021953,376293.03205104504,157659.5012196444,1485078.3274320303,1705594.897715996,529487.1244588752
AE2:HRSG:Steam_in:Bdot,284798.58841866883,59626.65593173299,181947.16134602498,34229.20641485635,8995.564726055878,122806.24223390564,130602.80890975181,31389.53727501179
AE2:HRSG:Steam_out:Bdot,1937680.589202795,405422.80399303086,1235300.867431353,233679.32165356245,63277.596124857046,805758.5214698088,905779.1704379859,226142.89729501028
AE2:AG:Power_in:Bdot,17621682.68317325,4183774.5126394844,10881410.890131112,1782909.4179247452,773587.862477852,6861106.445636721,8127109.868281951,2633466.369254567
AE2:AG:Power_out:Bdot,16674633.054605085,3991353.938258901,10275714.15375718,1667194.8807636935,740370.0818252611,6492525.812499374,7669392.5426023165,2512714.6995034204
AE2:AG:Losses_out:Bdot,231187.3306894485,47080.26424749892,148406.80442572047,28028.02979950164,7672.232216728164,96004.57783547697,108366.81360291259,26815.939251060387
AE3:Comp:Air_in:Bdot,1122.3746932836789,973.6231506225342,38.20971710403569,110.35940777787386,0.1824177792320613,597.3739168694331,301.6725145954767,223.32826181876428
AE3:Comp:Air_out:Bdot,1406572.8583232125,1295719.301035478,45525.990489382624,64927.43044806495,400.1363502850535,534977.2035331527,590358.3040753023,281237.3507147574
AE3:Comp:Power_in:Bdot,1690545.410077278,1520213.5781942583,71475.67670603302,98157.19434003049,698.9608369506328,639113.097823138,721734.9998996066,329697.31235453783
AE3:Turbine:Mix_in:Bdot,5895000.257334579,5103157.564351228,338624.0513941186,450196.2639164047,3022.3776728340126,2159247.1093813824,2683865.3030515523,1051887.8449016507
AE3:Turbine:Mix_out:Bdot,3213362.577491634,2746195.1487439824,219361.68127391147,245874.8195204467,1930.9279532878331,1138415.6346684657,1520103.4209887825,554843.5218343792
AE3:Turbine:Power_out:Bdot,2451373.5616180557,2035870.3554291981,144935.37437379698,269184.889754207,1382.9420608536157,937780.6143820492,1083033.5021983855,430559.44503761345
AE3:BPsplit:Air_in:Bdot,1406572.8583232125,1295719.301035478,45525.990489382624,64927.43044806495,400.1363502850535,534977.2035331527,590358.3040753023,281237.3507147574
AE3:BPsplit:Air_out:Bdot,1406572.8583232125,1295719.301035478,45525.990489382624,64927.43044806495,400.1363502850535,534977.2035331527,590358.3040753023,281237.3507147574
AE3:BPsplit:BP_out:Bdot,0.0,0.0,0.0,0.0,0.0,0.0,0.0,0.0
AE3:BPmerge:EG_in:Bdot,5895000.257334579,5103157.564351228,338624.0513941186,450196.2639164047,3022.3776728340126,2159247.1093813824,2683865.3030515523,1051887.8449016507
AE3:BPmerge:Mix_out:Bdot,5895000.257334579,5103157.564351228,338624.0513941186,450196.2639164047,3022.3776728340126,2159247.1093813824,2683865.3030515523,1051887.8449016507
AE3:BPmerge:BP_in:Bdot,0.0,0.0,0.0,0.0,0.0,0.0,0.0,0.0
AE3:BPvalve:BP_in:Bdot,0.0,0.0,0.0,0.0,0.0,0.0,0.0,0.0
AE3:BPvalve:BP_out:Bdot,0.0,0.0,0.0,0.0,0.0,0.0,0.0,0.0
AE3:CAC_HT:Air_in:Bdot,1406572.8583232125,1295719.301035478,45525.990489382624,64927.43044806495,400.1363502850535,534977.2035331527,590358.3040753023,281237.3507147574
AE3:CAC_HT:HTWater_in:Bdot,5473373.366929813,4093219.7146421536,595044.530461818,779073.1595472237,6035.962278616459,2157510.3357158983,2584781.198196252,731081.8330176523
AE3:CAC_HT:Air_out:Bdot,1338486.9237961762,1229003.5994126159,45311.20613242524,63778.7434913827,393.3747597482377,510536.28058256913,570298.1161866758,257652.5270269309
AE3:CAC_HT:HTWater_out:Bdot,5535719.803686673,4154324.9220658103,595253.1976203928,780099.0470596997,6042.636940787886,2180734.8921872047,2603696.779589985,751288.1319094845
AE3:CAC_LT:Air_in:Bdot,1338486.9237961762,1229003.5994126159,45311.20613242524,63778.7434913827,393.3747597482377,510536.28058256913,570298.1161866758,257652.5270269309
AE3:CAC_LT:LTWater_in:Bdot,725393.3306422904,518838.56241458416,89386.29026591353,116311.52873622185,856.949225570426,334824.360657414,324391.3527705799,66177.61721429595
AE3:CAC_LT:Air_out:Bdot,1228494.3667172412,1123094.0795961674,43783.288181318414,61241.11184231254,375.88709744024527,465917.00347256026,524968.9036950906,237608.4595495847
AE3:CAC_LT:LTWater_out:Bdot,793476.925266524,584239.007622854,90399.94387231742,117970.7140771088,867.2596942420737,364145.8513226883,352358.34233503754,76972.7316087963
AE3:LOC:LubOil_in:Bdot,1777155.909071944,1348656.169929098,180454.3327619013,246402.71632686205,1642.6900540820118,726113.2946243136,829325.3849424563,221717.22950517456
AE3:LOC:LTWater_in:Bdot,793476.925266524,584239.007622854,90399.94387231742,117970.7140771088,867.2596942420737,364145.8513226883,352358.34233503754,76972.7316087963
AE3:LOC:LubOil_out:Bdot,1250949.4401904764,930259.6604099348,137041.5734484878,182334.78814299346,1313.4181890622995,527547.3318882835,579273.3553003535,144128.75300184047
AE3:LOC:LTWater_out:Bdot,1168162.13219409,882128.1941754642,121362.21944966758,163571.7226398738,1099.9959290872894,511954.8321329252,527659.5491859076,128547.75087526141
AE3:JWC:QdotJW_in:Bdot,990354.744468977,781082.7197668222,84884.98991977017,123728.16984058426,658.8649418002086,350639.3989029483,483049.47152991814,156665.8740361099
AE3:JWC:HTWater_in:Bdot,4811748.78751002,3569287.8876908966,539176.2364508697,697685.337889091,5599.325479188251,1914439.3511551311,2268111.821432868,629197.6149220434
AE3:JWC:HTWater_out:Bdot,5473373.366929813,4093219.7146421536,595044.530461818,779073.1595472237,6035.962278616459,2157510.3357158983,2584781.198196252,731081.8330176523
AE3:Cyl:Air_in:Bdot,1228494.3667172412,1123094.0795961674,43783.288181318414,61241.11184231254,375.88709744024527,465917.00347256026,524968.9036950906,237608.4595495847
AE3:Cyl:FuelPh_in:Bdot,2252.642495802112,1315.017084470209,709.0374627836337,224.0953349237801,4.492613624497497,567.526067506064,1578.7121760155323,106.40425228052156
AE3:Cyl:FuelCh_in:Bdot,28417901.88340828,23836234.422076266,1970592.2017074942,2594241.5224393634,16833.737185099344,9845761.616784953,13531951.635797469,5040188.630825689
AE3:Cyl:EG_out:Bdot,5895000.257334579,5103157.564351228,338624.0513941186,450196.2639164047,3022.3776728340126,2159247.1093813824,2683865.3030515523,1051887.8449016507
AE3:Cyl:Power_out:Bdot,11166432.399378106,9527826.349628704,704254.7602567874,928424.4704401302,5926.819052484321,3897990.1526325503,5261037.069236546,2007405.1775089793
AE3:Cyl:QdotJW_out:Bdot,990354.744468977,781082.7197668222,84884.98991977017,123728.16984058426,658.8649418002086,350639.3989029483,483049.47152991814,156665.8740361099
AE3:Cyl:QdotRad_out:Bdot,51285.15731810247,37579.921648130614,5908.97989548439,7737.306863861715,58.94891062575373,18381.314495511157,25535.490645182825,7368.352177408548
AE3:Cyl:LubOil_in:Bdot,1250949.4401904764,930259.6604099348,137041.5734484878,182334.78814299346,1313.4181890622995,527547.3318882835,579273.3553003535,144128.75300184047
AE3:Cyl:LubOil_out:Bdot,1777155.909071944,1348656.169929098,180454.3327619013,246402.71632686205,1642.6900540820118,726113.2946243136,829325.3849424563,221717.22950517456
AE3:HTsplit:HTWater_in:Bdot,5535719.803686673,4154324.9220658103,595253.1976203928,780099.0470596997,6042.636940787886,2180734.8921872047,2603696.779589985,751288.1319094845
AE3:HTsplit:HTWater_out:Bdot,3996478.6011739504,2939585.2661796,466804.4824865038,584946.2686181818,5142.58388966298,1576297.4222087283,1883092.2380682018,537088.9408970191
AE3:HTsplit:LTWater_out:Bdot,1545286.6240577912,1216825.6906466114,131186.66870527097,196374.2116547812,900.0530511249071,606122.7242053375,724726.1102602032,214437.7895922481
AE3:HTmerge:HTWater_in:Bdot,3996478.6011739504,2939585.2661796,466804.4824865038,584946.2686181818,5142.58388966298,1576297.4222087283,1883092.2380682018,537088.9408970191
AE3:HTmerge:HTWater_out:Bdot,4811748.78751002,3569287.8876908966,539176.2364508697,697685.337889091,5599.325479188251,1914439.3511551311,2268111.821432868,629197.6149220434
AE3:HTmerge:LTWater_in:Bdot,875646.9800480449,679350.3707729658,76822.03106836692,118977.10610650736,497.4721002040701,357524.67358894524,413997.27664205426,104125.02981704367
AE3:TCshaft:Power_in:Bdot,2451373.5616180557,2035870.3554291981,144935.37437379698,269184.889754207,1382.9420608536157,937780.6143820492,1083033.5021983855,430559.44503761345
AE3:TCshaft:Power_out:Bdot,1690545.410077278,1520213.5781942583,71475.67670603302,98157.19434003049,698.9608369506328,639113.097823138,721734.9998996066,329697.31235453783
AE3:TCshaft:Losses_out:Bdot,72317.43885528059,51851.91714580297,7391.874513179408,13003.454753244432,70.19244305361252,28451.585739769205,33585.52015372122,10280.33296179006
AE3:HRSG:Mix_in:Bdot,3213362.577491634,2746195.1487439824,219361.68127391147,245874.8195204467,1930.9279532878331,1138415.6346684657,1520103.4209887825,554843.5218343792
AE3:HRSG:Mix_out:Bdot,1605545.2156505564,1402937.174094593,88716.79696726098,113105.02517804314,786.2194106651593,591406.6599864472,729693.2612019717,284445.2944621423
AE3:HRSG:Steam_in:Bdot,180117.8960940218,148815.48720361787,15006.53938917422,16161.301345952212,134.5681552778185,66221.3505361093,87039.1586019641,26857.386955948496
AE3:HRSG:Steam_out:Bdot,1230384.3756017578,1015743.9821552987,103388.6871859005,110319.89947551307,931.8067850491306,433639.9792373687,602672.8319627933,194071.5644016025
AE3:AG:Power_in:Bdot,11166432.399378106,9527826.349628704,704254.7602567874,928424.4704401302,5926.819052484321,3897990.1526325503,5261037.069236546,2007405.1775089793
AE3:AG:Power_out:Bdot,10665186.624927225,9147529.271866424,652221.4889602546,860003.6417186188,5432.222381925583,3729217.859990712,5010807.865263021,1925160.8996734903
AE3:AG:Losses_out:Bdot,121642.24461969516,92318.07996109065,12547.136743119794,16659.885924661587,117.14199082266573,44084.92265374105,59405.182586508185,18152.139379445725
AE4:Comp:Air_in:Bdot,1132.4715681378748,197.95496716197061,765.7977297995419,153.4541395821473,15.264731594217936,693.4296071110014,266.2116106127556,172.83035041412194
AE4:Comp:Air_out:Bdot,1518788.5435574402,414957.33503496845,913793.727531199,147217.7198353343,42819.76115594262,729470.3935153666,552082.3714461364,237235.77859594423
AE4:Comp:Power_in:Bdot,1867073.9095874466,502203.14259355236,1121121.4938196763,192158.52157079848,51590.75160341573,894310.7264805731,689288.58034802,283474.6027588558
AE4:Turbine:Mix_in:Bdot,7564208.377825417,1712170.094035725,4818184.414812887,852815.7415279464,181038.12744887298,3580010.737416254,2980597.5239672293,1003600.1164419324
AE4:Turbine:Mix_out:Bdot,4507020.767987945,935918.0181513353,2948965.0713365204,521534.1764809949,100603.50201911893,2124345.1338407863,1825860.506925373,556815.1272218055
AE4:Turbine:Power_out:Bdot,2880098.823121005,695856.4467595741,1768429.9506630916,343287.7626841825,72524.66301414675,1355526.2463694084,1115897.7175034818,408674.8592480991
AE4:BPsplit:Air_in:Bdot,1518788.5435574402,414957.33503496845,913793.727531199,147217.7198353343,42819.76115594262,729470.3935153666,552082.3714461364,237235.77859594423
AE4:BPsplit:Air_out:Bdot,1518788.5435574402,414957.33503496845,913793.727531199,147217.7198353343,42819.76115594262,729470.3935153666,552082.3714461364,237235.77859594423
AE4:BPsplit:BP_out:Bdot,0.0,0.0,0.0,0.0,0.0,0.0,0.0,0.0
AE4:BPmerge:EG_in:Bdot,7564208.377825417,1712170.094035725,4818184.414812887,852815.7415279464,181038.12744887298,3580010.737416254,2980597.5239672293,1003600.1164419324
AE4:BPmerge:Mix_out:Bdot,7564208.377825417,1712170.094035725,4818184.414812887,852815.7415279464,181038.12744887298,3580010.737416254,2980597.5239672293,1003600.1164419324
AE4:BPmerge:BP_in:Bdot,0.0,0.0,0.0,0.0,0.0,0.0,0.0,0.0
AE4:BPvalve:BP_in:Bdot,0.0,0.0,0.0,0.0,0.0,0.0,0.0,0.0
AE4:BPvalve:BP_out:Bdot,0.0,0.0,0.0,0.0,0.0,0.0,0.0,0.0
AE4:CAC_HT:Air_in:Bdot,1518788.5435574402,414957.33503496845,913793.727531199,147217.7198353343,42819.76115594262,729470.3935153666,552082.3714461364,237235.77859594423
AE4:CAC_HT:HTWater_in:Bdot,9766058.083670214,1775968.0296237397,6510940.497882043,1289411.7028357983,189737.85332864098,4981354.399227687,3883039.8674044837,901663.8170380301
AE4:CAC_HT:Air_out:Bdot,1485349.7791370694,404289.93951974483,895702.3404052642,144153.03968883835,41204.45952322768,716338.0707823269,544645.93886074,224365.76949401182
AE4:CAC_HT:HTWater_out:Bdot,9796702.311173555,1785901.8032282884,6527468.563233047,1292134.5440027537,191197.4007094643,4994111.838909495,3890230.51613598,912359.9561280606
AE4:CAC_LT:Air_in:Bdot,1485349.7791370694,404289.93951974483,895702.3404052642,144153.03968883835,41204.45952322768,716338.0707823269,544645.93886074,224365.76949401182
AE4:CAC_LT:LTWater_in:Bdot,1228618.8288841173,234934.3840351813,809624.9803098547,164079.02264123232,19980.44189784665,730141.1733217421,426801.35556015704,71676.30000221332
AE4:CAC_LT:Air_out:Bdot,1382532.3501306004,367463.4185663998,840661.5694241925,136500.20521605588,37907.15692395477,666885.6962091194,509646.13660772436,206000.51731375977
AE4:CAC_LT:LTWater_out:Bdot,1295189.7068566391,258531.27547219407,845751.234719882,169003.55221343422,21903.644451127046,764213.1625444737,449236.7124029642,81739.83190919776
AE4:LOC:LubOil_in:Bdot,3385931.426755583,660620.5253542947,2227986.761407647,431673.2148275956,65650.92516603786,1770393.8117156664,1312814.9545540696,302722.66048584704
AE4:LOC:LTWater_in:Bdot,1295189.7068566391,258531.27547219407,845751.234719882,169003.55221343422,21903.644451127046,764213.1625444737,449236.7124029642,81739.83190919776
AE4:LOC:LubOil_out:Bdot,2545117.611484985,485213.5570110881,1681023.2186489198,331356.0377254397,47524.79809954773,1354914.3593042798,979557.4177060134,210645.83447469573
AE4:LOC:LTWater_out:Bdot,1848084.2806768664,374981.29114034015,1205397.9113944587,234247.41689953598,33457.66124253054,1051873.8032155582,660174.6299301399,136035.8475311689
AE4:JWC:QdotJW_in:Bdot,1503630.813707696,307376.7447541383,978837.3556837675,184394.72026585223,33021.99300392891,711322.8775542908,614564.5606812411,177743.375472159
AE4:JWC:HTWater_in:Bdot,8751020.38624426,1569994.2584579645,5846963.350996432,1166368.0886467986,167694.68814302838,4488091.133490632,3475396.375278823,787532.8774747615
AE4:JWC:HTWater_out:Bdot,9766058.083670214,1775968.0296237397,6510940.497882043,1289411.7028357983,189737.85332864098,4981354.399227687,3883039.8674044837,901663.8170380301
AE4:Cyl:Air_in:Bdot,1382532.3501306004,367463.4185663998,840661.5694241925,136500.20521605588,37907.15692395477,666885.6962091194,509646.13660772436,206000.51731375977
AE4:Cyl:FuelPh_in:Bdot,22765.36093473027,4952.5037810835,14718.89077670597,2597.033687478147,496.93268946265374,11659.33803998688,8789.329190244169,2316.6937044991546
AE4:Cyl:FuelCh_in:Bdot,39367037.91605714,8516187.665382363,25305761.04489345,4621664.965095666,923424.2406857217,18089746.895716112,16083133.620776396,5194157.399564492
AE4:Cyl:EG_out:Bdot,7564208.377825417,1712170.094035725,4818184.414812887,852815.7415279464,181038.12744887298,3580010.737416254,2980597.5239672293,1003600.1164419324
AE4:Cyl:Power_out:Bdot,14854324.518645875,3333311.028040233,9474718.211932091,1689009.3555544761,357285.92311910796,6863977.483585209,5990746.354941125,1999600.680119603
AE4:Cyl:QdotJW_out:Bdot,1503630.813707696,307376.7447541383,978837.3556837675,184394.72026585223,33021.99300392891,711322.8775542908,614564.5606812411,177743.375472159
AE4:Cyl:QdotRad_out:Bdot,89075.76472933148,16540.645298137515,58565.042690607144,12206.944078118717,1763.1326624681774,42356.355902452284,37380.46953436961,9338.93929250974
AE4:Cyl:LubOil_in:Bdot,2545117.611484985,485213.5570110881,1681023.2186489198,331356.0377254397,47524.79809954773,1354914.3593042798,979557.4177060134,210645.83447469573
AE4:Cyl:LubOil_out:Bdot,3385931.426755583,660620.5253542947,2227986.761407647,431673.2148275956,65650.92516603786,1770393.8117156664,1312814.9545540696,302722.66048584704
AE4:HTsplit:HTWater_in:Bdot,9796702.311173555,1785901.8032282884,6527468.563233047,1292134.5440027537,191197.4007094643,4994111.838909495,3890230.51613598,912359.9561280606
AE4:HTsplit:HTWater_out:Bdot,7550545.546900288,1304933.7108792742,5081493.146671414,1019091.3225085763,145027.3668410589,3833026.498321573,3032857.042197654,684662.0063811075
AE4:HTsplit:LTWater_out:Bdot,2251583.7483350225,482835.16214092367,1449375.6787257474,273202.8148866155,46170.09258173442,1164375.6577827448,859276.4264181631,227931.66413410392
AE4:HTmerge:HTWater_in:Bdot,7550545.546900288,1304933.7108792742,5081493.146671414,1019091.3225085763,145027.3668410589,3833026.498321573,3032857.042197654,684662.0063811075
AE4:HTmerge:HTWater_out:Bdot,8751020.38624426,1569994.2584579645,5846963.350996432,1166368.0886467986,167694.68814302838,4488091.133490632,3475396.375278823,787532.8774747615
AE4:HTmerge:LTWater_in:Bdot,1287802.06528941,282512.5418332809,822667.8619586867,157840.8390483969,24780.82244904101,694033.9080538913,478828.66194273485,114939.49529277954
AE4:TCshaft:Power_in:Bdot,2880098.823121005,695856.4467595741,1768429.9506630916,343287.7626841825,72524.66301414675,1355526.2463694084,1115897.7175034818,408674.8592480991
AE4:TCshaft:Power_out:Bdot,1867073.9095874466,502203.14259355236,1121121.4938196763,192158.52157079848,51590.75160341573,894310.7264805731,689288.58034802,283474.6027588558
AE4:TCshaft:Losses_out:Bdot,101054.222518783,20986.051189273527,63967.1936978376,13968.399335829568,2132.578295841774,49125.068752930936,40581.182840110814,11347.970925740983
AE4:HRSG:Mix_in:Bdot,4507020.767987945,935918.0181513353,2948965.0713365204,521534.1764809949,100603.50201911893,2124345.1338407863,1825860.506925373,556815.1272218055
AE4:HRSG:Mix_out:Bdot,2388922.432575782,518072.37746720284,1541298.244624513,276726.5305694311,52825.2799146331,1075984.7923564038,1050533.7915426858,262403.84867668187
AE4:HRSG:Steam_in:Bdot,246971.70102500098,48836.375040577834,163810.29160623185,29031.682590050914,5293.351788140759,129113.00412614719,87709.31466714361,30149.382231710395
AE4:HRSG:Steam_out:Bdot,1670367.0534334392,329901.24579902913,1105956.8007104222,197774.43004563745,36734.5768783596,846005.4735994826,605824.0866305969,218537.49320337136
AE4:AG:Power_in:Bdot,14854324.518645875,3333311.028040233,9474718.211932091,1689009.3555544761,357285.92311910796,6863977.483585209,5990746.354941125,1999600.680119603
AE4:AG:Power_out:Bdot,14025452.49183622,3178408.984999703,8930038.397659304,1577172.4361733973,339832.67300383246,6491056.870136063,5634118.317616411,1900277.3040837375
AE4:AG:Losses_out:Bdot,203577.8195797031,38162.62360188117,134204.13020221321,27085.859288248583,4125.206487360303,97275.38008559153,84495.49370053945,21806.9457935726
CoolingSystems:SWC13:SeaWater_in:Bdot,0.0,0.0,0.0,0.0,0.0,0.0,0.0,0.0
CoolingSystems:SWC13:LTWater_in:Bdot,8927501.125523496,1427420.7052325972,6135489.515290201,938644.1984477617,425946.7065529481,4763383.17697927,3204896.96456929,959220.9839749814
CoolingSystems:SWC13:SeaWater_out:Bdot,405315.9218691994,70765.18215339752,276303.25262945757,39446.55791723241,18800.929169111714,252977.87950819722,112428.94580070865,39909.0965602932
CoolingSystems:SWC13:LTWater_out:Bdot,5875867.733340049,873457.7652941785,4159586.1090722405,626151.792118064,216672.0668555277,3376834.785248793,2031318.0366094122,467714.9114818221
CoolingSystems:SWC13:HTWater_in:Bdot,0.0,0.0,0.0,0.0,0.0,0.0,0.0,0.0
CoolingSystems:SWC24:SeaWater_in:Bdot,0.0,0.0,0.0,0.0,0.0,0.0,0.0,0.0
CoolingSystems:SWC24:LTWater_in:Bdot,7954182.011946128,815800.3486333776,5955624.878355733,851572.724497749,331184.06045926485,4315767.876544595,2965539.1328213876,672875.0025801491
CoolingSystems:SWC24:SeaWater_out:Bdot,387043.01606334024,39272.28589116272,293524.6947245812,37524.710662912315,16721.32478468275,243775.47977752384,115572.85125150347,27694.685034311857
CoolingSystems:SWC24:LTWater_out:Bdot,5243867.561009168,529203.9710501565,3961752.037417774,575077.2250892754,177834.32745196862,3014272.8360580094,1877108.5670907875,352486.1578603907
CoolingSystems:SWC24:HTWater_in:Bdot,0.0,0.0,0.0,0.0,0.0,0.0,0.0,0.0
CoolingSystems:HTcollector13:HTWater_AE1_in:Bdot,3199536.1836193446,656809.7224817442,2125728.05230813,329198.54347682337,87799.86535262104,1699365.9106054204,1127985.724440755,372184.5485731481
CoolingSystems:HTcollector13:HTWater_AE3_in:Bdot,1545286.6240577912,1216825.6906466114,131186.66870527097,196374.2116547812,900.0530511249071,606122.7242053375,724726.1102602032,214437.7895922481
CoolingSystems:HTcollector13:HTWater_ME1_in:Bdot,3540912.2404979346,15044.741628316355,2787748.7084833947,408944.79655153427,329173.9938346924,1632951.3366465045,1432572.6088434434,475388.2950079896
CoolingSystems:HTcollector13:HTWater_ME3_in:Bdot,4334714.537982418,19163.362564156734,3515604.085003454,453617.5726874933,346329.51772731077,1971340.0414057577,1772428.7564779904,590945.7400986584
CoolingSystems:HTcollector13:HTWater_out:Bdot,12616639.39877851,1907617.9564799361,8557626.356242446,1387373.9319514162,764021.1541046476,5908100.5979148345,5056313.444845312,1652225.356018267
CoolingSystems:HTcollector24:HTWater_AE2_in:Bdot,2323050.9355280944,549274.945986261,1438862.357615679,258406.90001045246,76506.73191569932,1049787.727965661,1015130.7173548025,258132.49020762782
CoolingSystems:HTcollector24:HTWater_AE4_in:Bdot,2251583.7483350225,482835.16214092367,1449375.6787257474,273202.8148866155,46170.09258173442,1164375.6577827448,859276.4264181631,227931.66413410392
CoolingSystems:HTcollector24:HTWater_ME2_in:Bdot,3695701.8836839306,9764.442955666647,2982253.097917553,404841.8165277222,298842.5262829962,1718995.7509604467,1486354.3701727916,490351.7625506914
CoolingSystems:HTcollector24:HTWater_ME4_in:Bdot,3744453.362212739,27528.69671917783,3006934.1010977626,397649.1235071547,312341.4408886498,1751362.1044695927,1498975.8069506874,494115.45079244423
CoolingSystems:HTcollector24:HTWater_out:Bdot,12009563.298909014,1069211.2178438993,8873704.409103408,1333082.649525326,733565.0224363894,5682408.815506928,4857331.401148498,1469823.0822535867
CoolingSystems:LTcollector13:LTWater_AE1_in:Bdot,2873077.127501866,532207.1373230208,1974016.8480460823,299300.5075082476,67552.63462451748,1697216.0072817747,938967.0224487438,236894.09777134878
CoolingSystems:LTcollector13:LTWater_AE3_in:Bdot,1168162.13219409,882128.1941754642,121362.21944966758,163571.7226398738,1099.9959290872894,511954.8321329252,527659.5491859076,128547.75087526141
CoolingSystems:LTcollector13:LTWater_ME1_in:Bdot,2093489.3207990462,5114.474962485541,1753277.1569447343,202515.43282324896,132582.25606857598,1142045.2744447747,765377.0490695541,186066.99728471367
CoolingSystems:LTcollector13:LTWater_ME3_in:Bdot,2567221.9270144165,6882.834921006642,2179150.7844769224,235376.56155362437,145811.746062876,1412477.079070478,918702.3436197899,236042.50432415312
CoolingSystems:LTcollector13:LTWater_AB1_in:Bdot,308501.5642583229,1837.4628576691362,171286.01337902076,49397.510127326765,85980.57789430606,32062.36502625017,84807.45617747448,191631.74305459805
CoolingSystems:LTcollector13:LTWater_out:Bdot,8927501.125523496,1427420.7052325972,6135489.515290201,938644.1984477617,425946.7065529481,4763383.17697927,3204896.96456929,959220.9839749814
CoolingSystems:LTcollector13:HTWater_out:Bdot,1149434.1132413005,270441.3826406054,691546.8091927333,119867.35745576715,67578.56395220179,595266.2799815567,414559.5637536655,139608.26950609247
CoolingSystems:LTcollector24:LTWater_AE2_in:Bdot,1991643.6292195437,432445.374671212,1272250.795695006,232255.8772469216,54691.58160640483,1004254.8778061966,823239.765945213,164148.9854681343
CoolingSystems:LTcollector24:LTWater_AE4_in:Bdot,1848084.2806768664,374981.29114034015,1205397.9113944587,234247.41689953598,33457.66124253054,1051873.8032155582,660174.6299301399,136035.8475311689
CoolingSystems:LTcollector24:LTWater_ME2_in:Bdot,1979969.685138898,3438.16915976189,1673736.6788345515,187868.73808718452,114926.0990573997,1075205.1675480306,721049.9554498035,183714.5621410627
CoolingSystems:LTcollector24:LTWater_ME4_in:Bdot,2190172.3713818085,5241.184502796423,1850241.2031627689,203873.56511433353,130816.41860190207,1206191.058294263,785633.9112118416,198347.4018756905
CoolingSystems:LTcollector24:LTWater_out:Bdot,7954182.011946128,815800.3486333776,5955624.878355733,851572.724497749,331184.06045926485,4315767.876544595,2965539.1328213876,672875.0025801491
CoolingSystems:LTcollector24:HTWater_out:Bdot,930180.1109750078,126127.01834351032,649962.3671037116,97611.64063915759,56479.0848886396,497106.6569366809,336226.5836835483,96846.87035478734
CoolingSystems:LTdistribution13:LTWater_in:Bdot,5875867.733340049,873457.7652941785,4159586.1090722405,626151.792118064,216672.0668555277,3376834.785248793,2031318.0366094122,467714.9114818221
CoolingSystems:LTdistribution13:LTWater_AE3_out:Bdot,725393.3306422904,518838.56241458416,89386.29026591353,116311.52873622185,856.949225570426,334824.360657414,324391.3527705799,66177.61721429595
CoolingSystems:LTdistribution13:LTWater_AE1_out:Bdot,1980936.5466605166,346383.7482402237,1379705.5742560783,213873.5736564665,40973.650507741404,1221088.5295941918,630892.8071755324,128955.20989078777
CoolingSystems:LTdistribution13:LTWater_ME1_out:Bdot,1426085.1203925,3567.1423332076565,1213708.4406581775,134657.48791565874,74152.04948545527,826607.0353307276,498856.6447853741,100621.44027640343
CoolingSystems:LTdistribution13:LTWater_ME3_out:Bdot,1698447.421663618,4586.563957279544,1462395.2558076263,152632.4441724884,78833.15772622892,1004158.2323776631,570108.6911052773,124180.49818068082
CoolingSystems:LTdistribution13:LTWater_AB1_out:Bdot,94466.68875230884,654.4134989795538,54839.042683869375,15412.878373768079,23560.354195691714,13906.61858848122,28189.00098472949,52371.069179098
CoolingSystems:LTdistribution24:LTWater_in:Bdot,5243867.561009168,529203.9710501565,3961752.037417774,575077.2250892754,177834.32745196862,3014272.8360580094,1877108.5670907875,352486.1578603907
CoolingSystems:LTdistribution24:LTWater_AE2_out:Bdot,1401103.0153949105,288849.96967606683,905696.0167451578,173966.23117532925,32590.797798355085,741034.7725453806,565844.4986925684,94223.74415696075
CoolingSystems:LTdistribution24:LTWater_AE4_out:Bdot,1228618.8288841173,234934.3840351813,809624.9803098547,164079.02264123232,19980.44189784665,730141.1733217421,426801.35556015704,71676.30000221332
CoolingSystems:LTdistribution24:LTWater_ME2_out:Bdot,1195839.886735119,2092.787173927811,1029485.1569994438,109463.8680214911,54798.07454025818,702342.4666309564,408825.56194437825,84671.85815978571
CoolingSystems:LTdistribution24:LTWater_ME4_out:Bdot,1467676.2278108932,3587.1739651411876,1257838.9962281447,134039.7835854295,72210.27403217688,860788.2885037428,499441.26143596537,107446.67787118438
CoolingSystems:LTHTmerge13:LTWater_in:Bdot,1149434.1132413005,270441.3826406054,691546.8091927333,119867.35745576715,67578.56395220179,595266.2799815567,414559.5637536655,139608.26950609247
CoolingSystems:LTHTmerge13:HTWater_in:Bdot,6915160.477515273,870163.6481513133,4843687.940214821,807233.9895748983,394074.8995741986,3294336.788377377,2793791.7758507277,827031.9132871486
CoolingSystems:LTHTmerge13:HTWater_ME1_out:Bdot,2207569.7485081633,12379.55387486604,1743994.813347914,268412.7755589636,182782.6057264107,1064847.1672236382,879279.1586541482,263443.42263036716
CoolingSystems:LTHTmerge13:HTWater_ME3_out:Bdot,2631930.466428727,8047.256169070002,2145226.9277431937,289541.5032831427,189114.77923333528,1257279.2000521186,1053605.7016838468,321045.56469277217
CoolingSystems:LTHTmerge13:HTWater_AE1_out:Bdot,1842807.4115209668,395796.54809229024,1209694.7442778172,192514.712004539,44801.40714630992,1019690.21228814,638283.7103700509,184833.48886276592
CoolingSystems:LTHTmerge13:HTWater_AE3_out:Bdot,875646.9800480449,679350.3707729658,76822.03106836692,118977.10610650736,497.4721002040701,357524.67358894524,413997.27664205426,104125.02981704367
CoolingSystems:LTHTmerge24:LTWater_in:Bdot,930180.1109750078,126127.01834351032,649962.3671037116,97611.64063915759,56479.0848886396,497106.6569366809,336226.5836835483,96846.87035478734
CoolingSystems:LTHTmerge24:HTWater_in:Bdot,6694479.67534074,520576.2837346412,5016568.594387428,779223.5693793207,378111.22783932526,3211892.5263012648,2721439.1223575687,761148.0266819021
CoolingSystems:LTHTmerge24:HTWater_ME2_out:Bdot,2190862.6779020624,7187.301896999209,1777940.1060790492,246962.51575760712,158772.7541684082,1071770.1368147118,862033.792017755,257058.7490695998
CoolingSystems:LTHTmerge24:HTWater_ME4_out:Bdot,2268556.664035714,-5817.5554667403085,1847602.3932600142,252937.03869040014,173834.78755205098,1098730.5334346427,897873.4778781662,271952.6527229176
CoolingSystems:LTHTmerge24:HTWater_AE2_out:Bdot,1447912.5916418799,336520.9880328479,901009.0782378567,170722.8459991446,39659.67937203749,678386.5185337142,631972.0265109963,137554.04659717137
CoolingSystems:LTHTmerge24:HTWater_AE4_out:Bdot,1287802.06528941,282512.5418332809,822667.8619586867,157840.8390483969,24780.82244904101,694033.9080538913,478828.66194273485,114939.49529277954
CoolingSystems:HTsplit13:HTWater_in:Bdot,11006387.961961929,1555142.45260473,7498056.593513492,1246415.2855717274,706773.6302719144,5127193.708018901,4413188.325409122,1466005.9285338563
CoolingSystems:HTsplit13:HTWater_out:Bdot,11006387.961961929,1555142.45260473,7498056.593513492,1246415.2855717274,706773.6302719144,5127193.708018901,4413188.325409122,1466005.9285338563
CoolingSystems:HTsplit13:LTWater_out:Bdot,0.0,0.0,0.0,0.0,0.0,0.0,0.0,0.0
CoolingSystems:HTsplit24:HTWater_in:Bdot,10035192.081077471,893587.1845870218,7377024.764411844,1133318.34426726,631261.7878113749,4783795.7166732475,4024577.268135396,1226819.0962688744
CoolingSystems:HTsplit24:HTWater_out:Bdot,10035192.081077471,893587.1845870218,7377024.764411844,1133318.34426726,631261.7878113749,4783795.7166732475,4024577.268135396,1226819.0962688744
CoolingSystems:HTsplit24:LTWater_out:Bdot,0.0,0.0,0.0,0.0,0.0,0.0,0.0,0.0
HTHR:HTHR13:HTWater_in:Bdot,12616639.39877851,1907617.9564799361,8557626.356242446,1387373.9319514162,764021.1541046476,5908100.5979148345,5056313.444845312,1652225.356018267
HTHR:HTHR13:HTWater_out:Bdot,11006387.961961929,1555142.45260473,7498056.593513492,1246415.2855717274,706773.6302719144,5127193.708018901,4413188.325409122,1466005.9285338563
HTHR:HTHR13:HRWater_in:Bdot,23817988.020632558,7876957.679609213,13570070.218904907,1869549.3354087519,501410.78670985077,14165974.361672623,8200191.304759563,1451822.3542005804
HTHR:HTHR13:HRWater_out:Bdot,25290716.152744956,8183609.845491376,14551378.661381328,2000690.4713797534,555037.1744923985,14880633.034862557,8790276.272544261,1619806.8453380878
HTHR:HTHR24:HTWater_in:Bdot,12009563.298909014,1069211.2178438993,8873704.409103408,1333082.649525326,733565.0224363894,5682408.815506928,4857331.401148498,1469823.0822535867
HTHR:HTHR24:HTWater_out:Bdot,10035192.081077471,893587.1845870218,7377024.764411844,1133318.34426726,631261.7878113749,4783795.7166732475,4024577.268135396,1226819.0962688744
HTHR:HTHR24:HRWater_in:Bdot,22045887.86796726,7721835.897400086,12224555.2775074,1688561.463840224,410935.22921946266,13355253.28420623,7452571.193510104,1238063.3902508968
HTHR:HTHR24:HRWater_out:Bdot,23817988.020632558,7876957.679609213,13570070.218904907,1869549.3354087516,501410.78670985077,14165974.361672623,8200191.304759563,1451822.3542005802
HTHR:HTHRsplit:HRWater_in:Bdot,32081048.386699136,11229762.523051456,17768364.21628051,2470514.308328643,612407.3390385379,19033210.601492032,11115250.222516628,1932587.562690574
HTHR:HTHRsplit:HRWater_HWH_out:Bdot,7090731.427715764,2316017.897719511,3967103.1215862497,625995.2572292017,181615.15118080727,3215069.1365095647,2859810.9089039294,1015851.3823022558
HTHR:HTHRsplit:HRWater_PreH_out:Bdot,24073580.77859527,8613275.44630038,13367799.141439602,1752435.7051393706,340070.48571583495,15818141.464982467,8255439.313612704,0.0
HTHR:HTHRsplit:HRWater_ReH_out:Bdot,916736.1803883247,300469.1790315812,433461.9532547732,92083.34596007435,90721.70214189551,0.0,0.0,916736.1803883247
HTHR:HTHRmerge:HRWater_out:Bdot,22045887.86796726,7721835.897400086,12224555.2775074,1688561.463840224,410935.22921946266,13355253.28420623,7452571.193510104,1238063.3902508968
HTHR:HTHRmerge:HRWater_HWH_in:Bdot,4817951.479055236,1574081.07999069,2701658.401297493,422840.7663711363,119371.2313959126,2254540.5654086196,1911431.1887678416,651979.7248787613
HTHR:HTHRmerge:HRWater_PreH_in:Bdot,16641852.723539863,5955698.6907921275,9245659.720988793,1207018.8803649633,233475.43139397918,11100712.718797583,5541140.004742342,0.0
HTHR:HTHRmerge:HRWater_ReH_in:Bdot,586083.6653721354,192056.12661724063,277237.15522119985,58701.81710412394,58088.566429571,0.0,0.0,586083.6653721354
HTHR:HVACpreheater:HRWater_in:Bdot,24073580.77859527,8613275.44630038,13367799.141439602,1752435.7051393706,340070.48571583495,15818141.464982467,8255439.313612704,0.0
HTHR:HVACpreheater:HRWater_out:Bdot,16641852.723539863,5955698.6907921275,9245659.720988793,1207018.8803649633,233475.43139397918,11100712.718797583,5541140.004742342,0.0
HTHR:HVACpreheater:Qdot_out:Bdot,3406903.009352057,1219499.2725623392,1893579.1158048082,246404.92811219758,47419.69287270241,2294450.0609015413,1112452.9484505118,0.0
HTHR:HVACreheater:HRWater_in:Bdot,916736.1803883247,300469.1790315812,433461.9532547732,92083.34596007435,90721.70214189551,0.0,0.0,916736.1803883247
HTHR:HVACreheater:HRWater_out:Bdot,586083.6653721354,192056.12661724063,277237.15522119985,58701.81710412394,58088.566429571,0.0,0.0,586083.6653721354
HTHR:HVACreheater:Qdot_out:Bdot,276439.94972986024,90626.32885824979,130646.85866679135,27867.13935723542,27299.622847584295,0.0,0.0,276439.94972986024
HTHR:SteamHeater:Steam_in:Bdot,12777750.083348198,5806975.792928402,5982969.371169714,881937.4337234208,105867.48552670685,7689465.025739296,4468102.355681576,620182.7019273877
HTHR:SteamHeater:Steam_out:Bdot,1907911.5421369001,865443.9732027713,895586.5546016953,131153.56581102795,15727.448521395248,1174551.7988419149,647700.8186926106,85658.92460236297
HTHR:SteamHeater:HRWater_in:Bdot,25290716.152744956,8183609.845491376,14551378.661381328,2000690.4713797534,555037.1744923985,14880633.034862557,8790276.272544261,1619806.8453380878
HTHR:SteamHeater:HRWater_out:Bdot,32081048.386699136,11229762.523051456,17768364.21628051,2470514.308328643,612407.3390385379,19033210.601492032,11115250.222516628,1932587.562690574
HTHR:HotWaterHeater:HRWater_in:Bdot,7090731.427715764,2316017.897719511,3967103.1215862497,625995.2572292017,181615.15118080727,3215069.1365095647,2859810.9089039294,1015851.3823022558
HTHR:HotWaterHeater:HRWater_out:Bdot,4817951.479055236,1574081.07999069,2701658.401297493,422840.7663711363,119371.2313959126,2254540.5654086196,1911431.1887678416,651979.7248787613
HTHR:HotWaterHeater:Qdot_out:Bdot,1958305.6043579858,639373.638850368,1091618.029304351,174539.51207662842,52774.424126673715,841264.5159948952,811744.2890162419,305296.79934687685
Steam:Boiler1:Air_in:Bdot,403.48307224032703,310.50571406540274,76.0587655816382,16.793138118098383,0.1254544751883664,331.4950082721553,62.76685188096952,9.221212087201888
Steam:Boiler1:EG_out:Bdot,1510382.3533040672,1043461.7423271638,384086.1584605625,82362.09987433247,472.35264201508585,985270.5088799449,497954.17806773755,27157.666356389494
Steam:Boiler1:FuelCh_in:Bdot,20112387.164363623,14363485.187474323,4727277.9662752105,1015578.8981256287,6045.112488843011,12981615.175199306,6757322.1081402395,373449.8810243484
Steam:Boiler1:FuelPh_in:Bdot,5479.324213004092,2861.857720467112,2166.7227041471037,448.4987045408887,2.245083848992016,3910.4239051587087,1515.6141104722176,53.28619737316678
Steam:Boiler1:Steam_HotWell_in:Bdot,1007366.800037969,702429.8635822716,251718.433088622,52932.057534601714,286.44583247369104,678244.4008214675,313862.7413652679,15259.657851234062
Steam:Boiler1:Steam_out:Bdot,19558097.13477174,7569989.612235087,9924376.390376166,1533573.4551047685,530157.6770556098,10327507.385979686,7281463.734535352,1949126.0142565665
Steam:Boiler1:Steam_HRSG_ME2_in:Bdot,2860022.2783794194,3477.1690296709535,2370002.9223645646,281682.1349307839,204860.05205440248,1212692.625931892,1188084.9222216217,459244.7302259146
Steam:Boiler1:Steam_HRSG_ME3_in:Bdot,2563934.1980166757,3990.2355598583054,2156289.8737949473,227156.05837275,176498.03028912013,1246655.0846146322,962688.6570796764,354590.45632238
Steam:Boiler1:Steam_HRSG_AE1_in:Bdot,2578690.4964162894,446316.8257929034,1797731.151369019,259250.42480980235,75392.09444455973,1335542.7073970176,857427.4274812464,385720.36153802753
Steam:Boiler1:Steam_HRSG_AE2_in:Bdot,1937680.589202795,405422.80399303086,1235300.867431353,233679.32165356245,63277.596124857046,805758.5214698088,905779.1704379859,226142.89729501028
Steam:Boiler1:Steam_HRSG_AE3_in:Bdot,1230384.3756017578,1015743.9821552987,103388.6871859005,110319.89947551307,931.8067850491306,433639.9792373687,602672.8319627933,194071.5644016025
Steam:Boiler1:Steam_HRSG_AE4_in:Bdot,1670367.0534334392,329901.24579902913,1105956.8007104222,197774.43004563745,36734.5768783596,846005.4735994826,605824.0866305969,218537.49320337136
Steam:Boiler1:Steam_TES_in:Bdot,5934891.022032864,4113794.365953815,1521329.821026555,286257.88536125043,13508.949691266587,3499405.63801799,2185345.8400693755,250139.54394553474
Steam:Boiler1:Steam_TES_out:Bdot,5930383.255730272,3433652.5443960098,2036436.2304349663,417243.92998938257,43050.5509099514,3490612.719144889,2189462.4423673307,250308.09421808194
Steam:HotWell:Steam_HRSG_ME2_out:Bdot,420264.3977714229,514.2256311847691,349878.0860758104,40898.673993352284,28973.412071074927,185004.56218222444,171643.69212971325,63616.14345948341
Steam:HotWell:Steam_HRSG_ME3_out:Bdot,378384.1263104059,588.9059573551631,319557.69140841096,33129.91959279126,25107.60935184823,190482.084424622,138726.91078903692,49175.13109674549
Steam:HotWell:Steam_AB1_out:Bdot,1007366.800037969,702429.8635822716,251718.433088622,52932.057534601714,286.44583247369104,678244.4008214675,313862.7413652679,15259.657851234062
Steam:HotWell:Steam_HRSG_AE1_out:Bdot,381645.4761881418,66379.88615487519,266459.47845345456,38023.884686102705,10782.226893711808,203933.4666528739,124326.60909098746,53385.400444281644
Steam:HotWell:Steam_HRSG_AE2_out:Bdot,284798.58841866883,59626.65593173299,181947.16134602498,34229.20641485635,8995.564726055878,122806.24223390564,130602.80890975181,31389.53727501179
Steam:HotWell:Steam_HRSG_AE3_out:Bdot,180117.8960940218,148815.48720361787,15006.53938917422,16161.301345952212,134.5681552778185,66221.3505361093,87039.1586019641,26857.386955948496
Steam:HotWell:Steam_HRSG_AE4_out:Bdot,246971.70102500098,48836.375040577834,163810.29160623185,29031.682590050914,5293.351788140759,129113.00412614719,87709.31466714361,30149.382231710395
Steam:HotWell:Steam_TH_in:Bdot,88589.10508280895,30958.688054181643,47900.11363134743,7361.98779033686,2368.315606943136,39424.50358825095,38311.535200588405,10853.066293970067
Steam:HotWell:Steam_MSH_in:Bdot,118118.80677707992,41278.25073890896,63866.81817513056,9815.98372044913,3157.754142590846,52566.00478433426,51082.04693411826,14470.755058626723
Steam:HotWell:Steam_HTH_in:Bdot,113900.27796361182,39804.02749823336,61585.86038316147,9465.41287329025,3044.97720892689,50688.64747060766,49257.68811504231,13953.94237796145
Steam:HotWell:Steam_HH_in:Bdot,76355.0142715911,9613.06029892388,54068.89418307048,7401.430127820437,5271.6296617769885,33873.43780904276,31320.804790452115,11160.77167209691
Steam:HotWell:Steam_G_in:Bdot,422819.16395156755,116680.45586072185,259059.15869877784,37683.55140366564,9395.997988395713,191529.29500655842,181586.44485997848,49703.42408502312
Steam:HotWell:Steam_SH_in:Bdot,1907911.5421369001,865443.9732027713,895586.5546016953,131153.56581102795,15727.448521395248,1174551.7988419149,647700.8186926106,85658.92460236297
Steam:HotWell:Steam_OT_in:Bdot,59059.40338853996,20639.12536945448,31933.40908756528,4907.991860224565,1578.877071295423,26283.00239216713,25541.02346705913,7235.377529313361
Steam:HotWell:Steam_Dumped_in:Bdot,807361.7219558976,3913.2575424330744,426436.06333583494,126987.93267829377,250024.46839933592,53674.6097941798,199813.63303582772,553873.4791258909
Steam:HotWell:LTWater_in:Bdot,94466.68875230884,654.4134989795538,54839.042683869375,15412.878373768079,23560.354195691714,13906.61858848122,28189.00098472949,52371.069179098
Steam:HotWell:LTWater_out:Bdot,308501.5642583229,1837.4628576691362,171286.01337902076,49397.510127326765,85980.57789430606,32062.36502625017,84807.45617747448,191631.74305459805
Steam:SteamDistribution:Steam_in:Bdot,19558097.13477174,7569989.612235087,9924376.390376166,1533573.4551047685,530157.6770556098,10327507.385979686,7281463.734535352,1949126.0142565665
Steam:SteamDistribution:Steam_TH_out:Bdot,602224.5366488609,210214.55476108065,324960.1740587977,50438.88066003632,16610.927168939506,258372.24291403437,265511.9707353224,78340.32299949664
Steam:SteamDistribution:Steam_MSH_out:Bdot,802966.0488651383,280286.0730147755,433280.2320784001,67251.8408800484,22147.90289191938,344496.3238853817,354015.9609804307,104453.76399932872
Steam:SteamDistribution:Steam_HTH_out:Bdot,774288.6899771036,270275.8561213899,417805.93807559815,64849.989420046644,21356.90636006507,332192.88374661637,341372.5338025589,100723.27242792427
Steam:SteamDistribution:Steam_HH_out:Bdot,519636.3494119029,65249.07455254005,366326.3751367352,50845.18830440335,37215.71141822461,221936.1202691042,217144.61608533625,80555.61305746007
Steam:SteamDistribution:Steam_G_out:Bdot,2872386.6801319397,792931.9668070592,1755958.1204819314,257636.26899849353,65860.3238444582,1255122.0176884367,1258494.6837240886,358769.978719408
Steam:SteamDistribution:Steam_SH_out:Bdot,12777750.083348198,5806975.792928402,5982969.371169714,881937.4337234208,105867.48552670685,7689465.025739296,4468102.355681576,620182.7019273877
Steam:SteamDistribution:Steam_OT_out:Bdot,401483.02443256916,140143.03650738776,216640.11603920005,33625.9204400242,11073.95144595969,172248.16194269084,177007.98049021536,52226.88199966436
Steam:SteamDistribution:Steam_Dumped_out:Bdot,807361.7219558976,3913.2575424330744,426436.06333583494,126987.93267829377,250024.46839933592,53674.6097941798,199813.63303582772,553873.4791258909
Steam:TankHeating:Steam_out:Bdot,88589.10508280895,30958.688054181643,47900.11363134743,7361.98779033686,2368.315606943136,39424.50358825095,38311.535200588405,10853.066293970067
Steam:TankHeating:Steam_in:Bdot,602224.5366488609,210214.55476108065,324960.1740587977,50438.88066003632,16610.927168939506,258372.24291403437,265511.9707353224,78340.32299949664
Steam:TankHeating:Qdot_out:Bdot,229641.7389605754,80328.91048755296,124387.22010898651,18959.072180331914,5966.536183702749,105088.98376351768,97979.45327909334,26573.30191796238
Steam:OtherTanks:Steam_out:Bdot,59059.40338853996,20639.12536945448,31933.40908756528,4907.991860224565,1578.877071295423,26283.00239216713,25541.02346705913,7235.377529313361
Steam:OtherTanks:Steam_in:Bdot,401483.02443256916,140143.03650738776,216640.11603920005,33625.9204400242,11073.95144595969,172248.16194269084,177007.98049021536,52226.88199966436
Steam:OtherTanks:Qdot_out:Bdot,153094.49264038354,53552.60699170206,82924.81340599172,12639.381453554623,3977.6907891351725,70059.32250901248,65319.63551939614,17715.534611974927
Steam:HFOtankHeating:Steam_out:Bdot,113900.27796361182,39804.02749823336,61585.86038316147,9465.41287329025,3044.97720892689,50688.64747060766,49257.68811504231,13953.94237796145
Steam:HFOtankHeating:Steam_in:Bdot,774288.6899771036,270275.8561213899,417805.93807559815,64849.989420046644,21356.90636006507,332192.88374661637,341372.5338025589,100723.27242792427
Steam:HFOtankHeating:Qdot_out:Bdot,365134.3008894501,127622.39469109106,197493.7223728758,30310.478440709507,9707.70538477369,163130.95354987588,157770.22026843257,44233.12707114154
Steam:MachinerySpaceHeaters:Steam_out:Bdot,118118.80677707992,41278.25073890896,63866.81817513056,9815.98372044913,3157.754142590846,52566.00478433426,51082.04693411826,14470.755058626723
Steam:MachinerySpaceHeaters:Steam_in:Bdot,802966.0488651383,280286.0730147755,433280.2320784001,67251.8408800484,22147.90289191938,344496.3238853817,354015.9609804307,104453.76399932872
Steam:MachinerySpaceHeaters:Qdot_out:Bdot,177390.45768655514,62239.265787401,96608.52199645393,14340.703807722357,4201.966094977341,88480.73737441353,72034.19394672601,16875.526365414888
Steam:HFOheater:Steam_out:Bdot,76355.0142715911,9613.06029892388,54068.89418307048,7401.430127820437,5271.6296617769885,33873.43780904276,31320.804790452115,11160.77167209691
Steam:HFOheater:Steam_in:Bdot,519636.3494119029,65249.07455254005,366326.3751367352,50845.18830440335,37215.71141822461,221936.1202691042,217144.61608533625,80555.61305746007
Steam:HFOheater:Qdot_out:Bdot,293903.75942200865,36966.92781743101,207813.5902867425,28581.253586087052,20541.98773174897,128599.54016975578,121497.79350852851,43806.42574372501
Steam:Galley:Steam_out:Bdot,422819.16395156755,116680.45586072185,259059.15869877784,37683.55140366564,9395.997988395713,191529.29500655842,181586.44485997848,49703.42408502312
Steam:Galley:Steam_in:Bdot,2872386.6801319397,792931.9668070592,1755958.1204819314,257636.26899849353,65860.3238444582,1255122.0176884367,1258494.6837240886,358769.978719408
Steam:Galley:Qdot_out:Bdot,1593095.6022585405,439635.2016117181,975485.4668952613,142262.1982589153,35712.73549264561,713495.8510715277,689149.4098657025,190450.3413213028
Demands:Electricity:Thrusters:Bdot,937505.8779554358,0.0,0.0,937505.8779554358,0.0,355983.157455288,430400.35297186254,151122.36752828673
Demands:Electricity:HVAC:Bdot,1791044.3362446704,587557.8763394698,845245.012216398,181935.03635617194,176306.41133263506,0.0,0.0,1791044.3362446704
Demands:Electricity:Other:Bdot,59286510.49908663,19991299.900900338,32660205.873217747,4994007.821096952,1640996.903871735,26055225.100767978,25448506.615958106,7782778.782360829
Demands:Electricity:Total:Bdot,62015060.71328669,20578857.777239814,33505450.885434143,6113448.735408551,1817303.31520437,26411208.258223232,25878906.968929987,9724945.486133795
Demands:Mechanical:Propeller1:Bdot,51329034.525149666,61818.414956391454,40264227.07866496,5080877.694790547,5922111.33673786,20173953.65774288,21850702.581558917,9304378.285847967
Demands:Mechanical:Propeller2:Bdot,52856938.70081194,74793.61875711972,42355701.67427111,4757787.755753417,5668655.652030265,20804964.879674878,22696968.06150803,9355005.75962907
Demands:Mechanical:Total:Bdot,104185973.22596084,136612.03371351116,82619928.75293559,9838665.45054398,11590766.988768114,40978918.537417635,44547670.64306693,18659384.04547699
Demands:Heat:HotWaterHeater:Bdot,1958305.6043579858,639373.638850368,1091618.029304351,174539.51207662842,52774.424126673715,841264.5159948952,811744.2890162419,305296.79934687685
Demands:Heat:HVACpreheater:Bdot,3406903.009352057,1219499.2725623392,1893579.1158048082,246404.92811219758,47419.69287270241,2294450.0609015413,1112452.9484505118,0.0
Demands:Heat:HVACreheater:Bdot,276439.94972986024,90626.32885824979,130646.85866679135,27867.13935723542,27299.622847584295,0.0,0.0,276439.94972986024
Demands:Heat:TankHeating:Bdot,229641.7389605754,80328.91048755296,124387.22010898651,18959.072180331914,5966.536183702749,105088.98376351768,97979.45327909334,26573.30191796238
Demands:Heat:OtherTanks:Bdot,153094.49264038354,53552.60699170206,82924.81340599172,12639.381453554623,3977.6907891351725,70059.32250901248,65319.63551939614,17715.534611974927
Demands:Heat:HFOtankHeating:Bdot,365134.3008894501,127622.39469109106,197493.7223728758,30310.478440709507,9707.70538477369,163130.95354987588,157770.22026843257,44233.12707114154
Demands:Heat:MachinerySpaceHeaters:Bdot,177390.45768655514,62239.265787401,96608.52199645393,14340.703807722357,4201.966094977341,88480.73737441353,72034.19394672601,16875.526365414888
Demands:Heat:HFOheater:Bdot,293903.75942200865,36966.92781743101,207813.5902867425,28581.253586087052,20541.98773174897,128599.54016975578,121497.79350852851,43806.42574372501
Demands:Heat:Galley:Bdot,1593095.6022585405,439635.2016117181,975485.4668952613,142262.1982589153,35712.73549264561,713495.8510715277,689149.4098657025,190450.3413213028
Demands:Heat:Total:Bdot,0.0,0.0,0.0,0.0,0.0,0.0,0.0,0.0

